订单编号,下单日期,商品编号,商品名称,单价,数量,客户编号,客户地区
ORDER_1,2024-09-06,PRODUCT_1259,Product_Name_29,480.55,42,CUST_964,South
ORDER_2,2024-08-16,PRODUCT_4817,Product_Name_89,475.41,38,CUST_293,North
ORDER_3,2024-01-24,PRODUCT_6160,Product_Name_28,446.43,30,CUST_800,Central
ORDER_4,2024-06-29,PRODUCT_8559,Product_Name_22,292.48,11,CUST_473,West
ORDER_5,2023-11-24,PRODUCT_3746,Product_Name_16,182.98,8,CUST_226,North
ORDER_6,2024-05-10,PRODUCT_2582,Product_Name_34,458.91,62,CUST_307,East
ORDER_7,2024-03-09,PRODUCT_5358,Product_Name_7,68.29,55,CUST_155,West
ORDER_8,2023-11-20,PRODUCT_6090,Product_Name_98,,7,CUST_974,Central
ORDER_9,2024-04-21,PRODUCT_8841,Product_Name_81,90.04,92,CUST_161,West
ORDER_10,2024-08-10,PRODUCT_2829,Product_Name_97,385.49,1,CUST_909,North
ORDER_11,2024-09-28,PRODUCT_1187,Product_Name_40,483.78,100,CUST_399,West
ORDER_12,2024-09-07,PRODUCT_8840,Product_Name_63,481.78,45,CUST_875,North
ORDER_13,2024-04-13,PRODUCT_1024,Product_Name_98,302.19,77,CUST_191,South
ORDER_14,2024-06-11,PRODUCT_3142,Product_Name_63,493.38,86,CUST_858,Central
ORDER_15,2023-12-31,PRODUCT_6975,Product_Name_24,309.14,56,CUST_457,East
ORDER_16,2023-12-12,PRODUCT_7383,Product_Name_76,460.12,64,CUST_552,West
ORDER_17,2024-01-12,PRODUCT_6044,Product_Name_60,406.42,54,CUST_783,North
ORDER_18,2024-10-10,PRODUCT_8907,Product_Name_86,196.34,82,CUST_578,Central
ORDER_19,2024-08-27,PRODUCT_6891,Product_Name_10,65.62,54,CUST_827,West
ORDER_20,2024-01-10,PRODUCT_8109,Product_Name_10,328.78,1,CUST_808,North
ORDER_21,2024-03-15,PRODUCT_1344,Product_Name_13,46.1,94,CUST_584,South
ORDER_22,2024-06-29,PRODUCT_5303,Product_Name_51,81.57,70,CUST_400,South
ORDER_23,2024-01-01,PRODUCT_5947,Product_Name_66,,24,CUST_434,Central
ORDER_24,2024-03-11,PRODUCT_9575,Product_Name_84,219.13,34,CUST_896,North
ORDER_25,2024-06-21,PRODUCT_9743,Product_Name_39,469.01,61,CUST_961,North
ORDER_26,2024-06-25,PRODUCT_6029,Product_Name_69,259.2,69,CUST_764,South
ORDER_27,2024-09-21,PRODUCT_2911,Product_Name_52,,59,CUST_727,West
ORDER_28,2024-11-15,PRODUCT_5133,Product_Name_9,107.29,86,CUST_439,West
ORDER_29,2024-01-21,PRODUCT_4139,Product_Name_83,384.56,47,CUST_490,Central
ORDER_30,2024-08-22,PRODUCT_9479,Product_Name_99,48.26,74,CUST_486,South
ORDER_31,2024-01-27,PRODUCT_2331,Product_Name_94,465.73,19,CUST_245,South
ORDER_32,2024-09-23,PRODUCT_3101,Product_Name_63,432.66,98,CUST_440,South
ORDER_33,2024-04-05,PRODUCT_6154,Product_Name_63,363.13,78,CUST_221,South
ORDER_34,2024-02-11,PRODUCT_2911,Product_Name_16,175.65,84,CUST_328,West
ORDER_35,2024-08-15,PRODUCT_9234,Product_Name_71,427.67,58,CUST_742,West
ORDER_36,2024-10-07,PRODUCT_4382,Product_Name_61,412.55,92,CUST_539,North
ORDER_37,2024-07-12,PRODUCT_6936,Product_Name_22,201.44,50,CUST_835,Central
ORDER_38,2024-09-27,PRODUCT_6471,Product_Name_51,465.29,10,CUST_172,South
ORDER_39,2024-11-07,PRODUCT_9820,Product_Name_58,244.33,35,CUST_150,South
ORDER_40,2024-05-08,PRODUCT_7790,Product_Name_46,276.88,71,CUST_856,East
ORDER_41,2024-07-21,PRODUCT_2619,Product_Name_65,160.87,35,CUST_795,West
ORDER_42,2024-08-18,PRODUCT_2946,Product_Name_48,23.92,14,CUST_431,East
ORDER_43,2024-04-19,PRODUCT_1077,Product_Name_6,60.66,30,CUST_156,North
ORDER_44,2024-04-13,PRODUCT_8477,Product_Name_81,67.33,16,CUST_148,East
ORDER_45,2024-02-19,PRODUCT_3286,Product_Name_63,,45,CUST_450,North
ORDER_46,2024-04-21,PRODUCT_2925,Product_Name_88,384.46,43,CUST_450,Central
ORDER_47,2024-09-24,PRODUCT_3122,Product_Name_96,86.9,50,CUST_523,South
ORDER_48,2024-01-14,PRODUCT_6687,Product_Name_8,399.98,28,CUST_567,Central
ORDER_49,2024-04-13,PRODUCT_2038,Product_Name_1,466.56,71,CUST_418,East
ORDER_50,2024-10-29,PRODUCT_4031,Product_Name_81,490.38,39,CUST_118,South
ORDER_51,2024-01-20,PRODUCT_5975,Product_Name_6,81.03,54,CUST_876,East
ORDER_52,2024-11-15,PRODUCT_7216,Product_Name_57,282.18,44,CUST_312,West
ORDER_53,2024-10-02,PRODUCT_6698,Product_Name_46,359.34,37,CUST_449,South
ORDER_54,2024-07-31,PRODUCT_1705,Product_Name_92,336.43,96,CUST_462,North
ORDER_55,2024-06-14,PRODUCT_8935,Product_Name_13,,15,CUST_535,West
ORDER_56,2024-03-19,PRODUCT_2087,Product_Name_6,417.37,84,CUST_221,Central
ORDER_57,2024-05-20,PRODUCT_7429,Product_Name_11,208.99,66,CUST_403,North
ORDER_58,2024-01-14,PRODUCT_5229,Product_Name_96,62.93,36,CUST_517,North
ORDER_59,2024-07-08,PRODUCT_4380,Product_Name_52,179.63,70,CUST_833,Central
ORDER_60,2024-05-12,PRODUCT_1730,Product_Name_18,408.68,34,CUST_407,East
ORDER_61,2024-10-03,PRODUCT_3037,Product_Name_47,195.32,90,CUST_809,West
ORDER_62,2024-02-01,PRODUCT_4941,Product_Name_4,481.8,37,CUST_853,North
ORDER_63,2024-07-13,PRODUCT_5222,Product_Name_80,169.75,65,CUST_839,South
ORDER_64,2024-03-08,PRODUCT_9706,Product_Name_63,404.72,25,CUST_273,North
ORDER_65,2024-08-31,PRODUCT_7834,Product_Name_9,184.53,75,CUST_734,Central
ORDER_66,2024-01-20,PRODUCT_8054,Product_Name_32,,20,CUST_360,North
ORDER_67,2024-07-30,PRODUCT_7769,Product_Name_3,436.47,33,CUST_933,East
ORDER_68,2024-09-17,PRODUCT_6269,Product_Name_57,154.27,7,CUST_480,North
ORDER_69,2023-11-26,PRODUCT_2199,Product_Name_72,280.36,40,CUST_493,North
ORDER_70,2024-08-22,PRODUCT_3165,Product_Name_17,397.62,89,CUST_288,Central
ORDER_71,2024-07-10,PRODUCT_3208,Product_Name_29,296.74,9,CUST_343,West
ORDER_72,2024-08-04,PRODUCT_4081,Product_Name_41,233.65,30,CUST_534,North
ORDER_73,2024-09-29,PRODUCT_6422,Product_Name_96,444.02,81,CUST_631,East
ORDER_74,2024-02-06,PRODUCT_3263,Product_Name_29,,10,CUST_153,Central
ORDER_75,2024-07-30,PRODUCT_1369,Product_Name_27,380.31,98,CUST_590,West
ORDER_76,2024-08-15,PRODUCT_2829,Product_Name_11,204.79,6,CUST_270,South
ORDER_77,2023-12-13,PRODUCT_1399,Product_Name_15,,52,CUST_329,West
ORDER_78,2024-06-28,PRODUCT_2104,Product_Name_62,377.41,29,CUST_921,West
ORDER_79,2023-12-01,PRODUCT_6258,Product_Name_5,56.87,86,CUST_718,West
ORDER_80,2024-07-01,PRODUCT_9209,Product_Name_21,259.32,96,CUST_530,East
ORDER_81,2024-08-26,PRODUCT_9516,Product_Name_51,422.09,49,CUST_441,Central
ORDER_82,2024-06-30,PRODUCT_9885,Product_Name_23,57.19,13,CUST_963,Central
ORDER_83,2023-12-21,PRODUCT_3216,Product_Name_74,269.9,30,CUST_929,South
ORDER_84,2024-03-30,PRODUCT_2317,Product_Name_48,,59,CUST_350,West
ORDER_85,2024-05-12,PRODUCT_3137,Product_Name_25,310.24,92,CUST_382,North
ORDER_86,2024-02-29,PRODUCT_4500,Product_Name_71,321.14,27,CUST_154,South
ORDER_87,2024-10-31,PRODUCT_9252,Product_Name_79,483.46,95,CUST_525,East
ORDER_88,2024-08-29,PRODUCT_6155,Product_Name_37,137.04,58,CUST_526,South
ORDER_89,2024-09-30,PRODUCT_2532,Product_Name_45,187.33,92,CUST_739,East
ORDER_90,2024-08-22,PRODUCT_4894,Product_Name_78,83.1,63,CUST_146,North
ORDER_91,2023-12-20,PRODUCT_7695,Product_Name_36,,93,CUST_254,West
ORDER_92,2024-08-25,PRODUCT_5724,Product_Name_59,388.03,33,CUST_887,North
ORDER_93,2023-11-27,PRODUCT_7787,Product_Name_14,85.88,80,CUST_450,West
ORDER_94,2024-07-27,PRODUCT_3024,Product_Name_23,13.05,77,CUST_494,West
ORDER_95,2024-08-12,PRODUCT_2830,Product_Name_92,356.91,,CUST_700,West
ORDER_96,2024-03-12,PRODUCT_4923,Product_Name_11,137.88,8,CUST_644,West
ORDER_97,2024-03-29,PRODUCT_6769,Product_Name_99,192.86,95,CUST_926,South
ORDER_98,2024-01-09,PRODUCT_3913,Product_Name_19,480.24,21,CUST_373,South
ORDER_99,2024-02-14,PRODUCT_7937,Product_Name_66,70.81,2,CUST_883,East
ORDER_100,2024-10-02,PRODUCT_5386,Product_Name_92,93.16,54,CUST_840,North
ORDER_101,2024-04-18,PRODUCT_2851,Product_Name_74,351.96,76,CUST_936,Central
ORDER_102,2024-10-12,PRODUCT_7300,Product_Name_60,485.93,82,CUST_296,East
ORDER_103,2024-10-18,PRODUCT_8734,Product_Name_79,252.0,70,CUST_893,Central
ORDER_104,2023-12-13,PRODUCT_7721,Product_Name_64,415.6,84,CUST_222,West
ORDER_105,2024-05-11,PRODUCT_5837,Product_Name_74,249.6,87,CUST_498,East
ORDER_106,2024-01-20,PRODUCT_8647,Product_Name_8,,41,CUST_769,West
ORDER_107,2024-10-18,PRODUCT_7299,Product_Name_61,385.38,2,CUST_476,West
ORDER_108,2024-05-12,PRODUCT_3036,Product_Name_64,128.45,57,CUST_869,North
ORDER_109,2024-11-01,PRODUCT_5903,Product_Name_36,86.68,57,CUST_111,West
ORDER_110,2024-10-13,PRODUCT_5512,Product_Name_57,46.16,54,CUST_277,South
ORDER_111,2024-01-02,PRODUCT_9482,Product_Name_49,298.24,58,CUST_661,North
ORDER_112,2024-05-02,PRODUCT_4669,Product_Name_8,381.46,4,CUST_754,Central
ORDER_113,2024-03-13,PRODUCT_3267,Product_Name_99,406.26,37,CUST_857,Central
ORDER_114,2024-07-20,PRODUCT_1494,Product_Name_69,490.16,14,CUST_524,North
ORDER_115,2024-07-05,PRODUCT_3684,Product_Name_11,451.73,30,CUST_371,North
ORDER_116,2024-03-12,PRODUCT_6971,Product_Name_19,435.83,65,CUST_916,Central
ORDER_117,2024-08-13,PRODUCT_8858,Product_Name_59,170.3,99,CUST_309,North
ORDER_118,2023-12-29,PRODUCT_2222,Product_Name_92,353.02,15,CUST_666,North
ORDER_119,2024-08-29,PRODUCT_8305,Product_Name_69,339.78,59,CUST_773,North
ORDER_120,2024-09-18,PRODUCT_9776,Product_Name_95,272.19,93,CUST_822,Central
ORDER_121,2024-04-26,PRODUCT_3703,Product_Name_20,174.39,34,CUST_945,North
ORDER_122,2024-07-19,PRODUCT_4133,Product_Name_55,433.37,16,CUST_511,West
ORDER_123,2024-01-31,PRODUCT_8636,Product_Name_42,344.76,,CUST_257,East
ORDER_124,2024-10-24,PRODUCT_6664,Product_Name_13,248.8,86,CUST_764,North
ORDER_125,2024-07-14,PRODUCT_3248,Product_Name_32,196.04,25,CUST_578,South
ORDER_126,2024-08-07,PRODUCT_3899,Product_Name_40,296.36,42,CUST_860,West
ORDER_127,2024-03-16,PRODUCT_5939,Product_Name_8,473.89,38,CUST_339,North
ORDER_128,2024-11-05,PRODUCT_1699,Product_Name_83,101.34,94,CUST_818,Central
ORDER_129,2024-06-09,PRODUCT_7094,Product_Name_48,130.82,60,CUST_813,South
ORDER_130,2023-11-17,PRODUCT_6107,Product_Name_46,174.1,3,CUST_508,North
ORDER_131,2024-11-12,PRODUCT_1898,Product_Name_2,,13,CUST_100,South
ORDER_132,2023-11-18,PRODUCT_2369,Product_Name_25,332.53,58,CUST_114,South
ORDER_133,2023-11-26,PRODUCT_1276,Product_Name_49,117.29,,CUST_419,Central
ORDER_134,2024-11-13,PRODUCT_7093,Product_Name_89,338.57,95,CUST_564,Central
ORDER_135,2024-07-21,PRODUCT_8753,Product_Name_77,241.39,73,CUST_942,North
ORDER_136,2024-07-05,PRODUCT_1800,Product_Name_45,385.21,75,CUST_797,West
ORDER_137,2024-05-20,PRODUCT_5807,Product_Name_61,437.94,83,CUST_415,West
ORDER_138,2024-02-18,PRODUCT_2151,Product_Name_71,458.9,6,CUST_363,North
ORDER_139,2024-08-30,PRODUCT_8309,Product_Name_38,225.74,94,CUST_610,South
ORDER_140,2024-08-01,PRODUCT_7305,Product_Name_89,120.48,11,CUST_797,South
ORDER_141,2024-01-02,PRODUCT_7788,Product_Name_83,60.26,67,CUST_971,East
ORDER_142,2024-01-27,PRODUCT_8362,Product_Name_42,360.59,44,CUST_888,Central
ORDER_143,2024-05-11,PRODUCT_7440,Product_Name_17,52.0,88,CUST_726,East
ORDER_144,2023-12-20,PRODUCT_5692,Product_Name_84,75.77,11,CUST_392,Central
ORDER_145,2024-09-27,PRODUCT_2521,Product_Name_90,271.21,13,CUST_193,West
ORDER_146,2024-03-02,PRODUCT_8056,Product_Name_10,346.2,96,CUST_516,East
ORDER_147,2024-01-17,PRODUCT_3510,Product_Name_80,21.22,6,CUST_189,East
ORDER_148,2023-11-19,PRODUCT_6893,Product_Name_80,89.57,85,CUST_163,Central
ORDER_149,2024-03-14,PRODUCT_8362,Product_Name_89,62.14,47,CUST_147,East
ORDER_150,2024-10-06,PRODUCT_7542,Product_Name_71,53.3,91,CUST_373,West
ORDER_151,2024-02-23,PRODUCT_6435,Product_Name_91,68.62,42,CUST_316,East
ORDER_152,2024-07-11,PRODUCT_3180,Product_Name_83,160.1,91,CUST_501,East
ORDER_153,2024-07-16,PRODUCT_4580,Product_Name_94,80.68,84,CUST_255,West
ORDER_154,2024-01-09,PRODUCT_6664,Product_Name_65,261.39,40,CUST_778,North
ORDER_155,2024-02-20,PRODUCT_7610,Product_Name_8,416.73,36,CUST_482,South
ORDER_156,2024-01-26,PRODUCT_5811,Product_Name_46,452.29,86,CUST_893,East
ORDER_157,2024-03-23,PRODUCT_3049,Product_Name_55,327.78,63,CUST_436,West
ORDER_158,2024-03-28,PRODUCT_7055,Product_Name_21,185.29,83,CUST_657,South
ORDER_159,2023-12-07,PRODUCT_8275,Product_Name_54,241.37,47,CUST_308,East
ORDER_160,2024-08-25,PRODUCT_5074,Product_Name_63,313.8,87,CUST_362,South
ORDER_161,2024-02-29,PRODUCT_8176,Product_Name_57,314.34,54,CUST_317,Central
ORDER_162,2024-04-25,PRODUCT_2550,Product_Name_32,294.36,72,CUST_111,West
ORDER_163,2024-07-14,PRODUCT_4902,Product_Name_1,201.97,82,CUST_223,South
ORDER_164,2024-08-19,PRODUCT_6335,Product_Name_82,403.36,53,CUST_450,South
ORDER_165,2024-04-18,PRODUCT_8584,Product_Name_58,200.04,32,CUST_687,East
ORDER_166,2024-08-10,PRODUCT_5964,Product_Name_94,84.24,74,CUST_396,West
ORDER_167,2024-02-10,PRODUCT_9331,Product_Name_70,113.68,23,CUST_345,Central
ORDER_168,2024-04-06,PRODUCT_2396,Product_Name_77,149.54,66,CUST_406,West
ORDER_169,2024-04-27,PRODUCT_6645,Product_Name_14,407.43,16,CUST_443,West
ORDER_170,2024-04-24,PRODUCT_7792,Product_Name_13,78.89,52,CUST_623,East
ORDER_171,2023-11-23,PRODUCT_3871,Product_Name_41,77.85,19,CUST_339,West
ORDER_172,2024-09-12,PRODUCT_1177,Product_Name_63,208.52,87,CUST_773,Central
ORDER_173,2024-05-25,PRODUCT_6497,Product_Name_22,88.46,74,CUST_962,West
ORDER_174,2024-06-12,PRODUCT_4384,Product_Name_96,376.62,80,CUST_509,South
ORDER_175,2024-02-18,PRODUCT_7017,Product_Name_89,237.77,40,CUST_897,Central
ORDER_176,2024-06-18,PRODUCT_6270,Product_Name_24,343.79,60,CUST_296,South
ORDER_177,2024-10-08,PRODUCT_4191,Product_Name_69,14.78,46,CUST_714,South
ORDER_178,2024-09-29,PRODUCT_3125,Product_Name_46,413.92,67,CUST_965,East
ORDER_179,2024-01-29,PRODUCT_7714,Product_Name_9,399.79,56,CUST_684,West
ORDER_180,2024-04-17,PRODUCT_4242,Product_Name_23,340.78,45,CUST_894,East
ORDER_181,2024-03-13,PRODUCT_6507,Product_Name_100,187.33,60,CUST_964,East
ORDER_182,2024-01-07,PRODUCT_7003,Product_Name_77,235.5,45,CUST_903,East
ORDER_183,2023-11-30,PRODUCT_9823,Product_Name_37,170.01,70,CUST_633,East
ORDER_184,2024-08-14,PRODUCT_7430,Product_Name_28,217.98,69,CUST_384,East
ORDER_185,2024-09-16,PRODUCT_9399,Product_Name_74,408.97,99,CUST_856,West
ORDER_186,2023-12-30,PRODUCT_2868,Product_Name_59,171.06,4,CUST_717,Central
ORDER_187,2024-02-12,PRODUCT_2209,Product_Name_61,147.39,19,CUST_373,East
ORDER_188,2023-12-23,PRODUCT_5483,Product_Name_47,460.03,10,CUST_234,East
ORDER_189,2024-04-13,PRODUCT_1754,Product_Name_27,470.48,98,CUST_227,Central
ORDER_190,2024-03-26,PRODUCT_7711,Product_Name_70,51.17,8,CUST_431,South
ORDER_191,2024-04-24,PRODUCT_6687,Product_Name_16,101.72,38,CUST_835,South
ORDER_192,2024-08-02,PRODUCT_1268,Product_Name_28,310.06,48,CUST_582,North
ORDER_193,2024-06-01,PRODUCT_5259,Product_Name_100,261.39,3,CUST_578,South
ORDER_194,2024-07-14,PRODUCT_9863,Product_Name_100,337.29,59,CUST_470,North
ORDER_195,2024-02-26,PRODUCT_1513,Product_Name_24,104.82,25,CUST_942,East
ORDER_196,2024-04-16,PRODUCT_6549,Product_Name_46,121.76,78,CUST_167,Central
ORDER_197,2024-10-09,PRODUCT_1826,Product_Name_65,186.64,92,CUST_948,West
ORDER_198,2024-05-15,PRODUCT_2929,Product_Name_55,131.83,82,CUST_422,East
ORDER_199,2024-07-07,PRODUCT_2677,Product_Name_14,256.89,73,CUST_517,West
ORDER_200,2023-11-22,PRODUCT_6651,Product_Name_100,382.23,72,CUST_735,West
ORDER_201,2023-12-05,PRODUCT_5232,Product_Name_8,141.57,75,CUST_213,West
ORDER_202,2024-05-31,PRODUCT_7874,Product_Name_34,276.85,96,CUST_655,East
ORDER_203,2024-08-01,PRODUCT_1434,Product_Name_100,497.66,31,CUST_705,Central
ORDER_204,2024-08-07,PRODUCT_5386,Product_Name_65,404.38,95,CUST_652,Central
ORDER_205,2024-06-19,PRODUCT_4172,Product_Name_100,125.83,62,CUST_545,East
ORDER_206,2024-08-02,PRODUCT_3814,Product_Name_28,451.81,8,CUST_158,West
ORDER_207,2023-12-24,PRODUCT_3018,Product_Name_17,340.44,52,CUST_872,North
ORDER_208,2023-12-08,PRODUCT_7088,Product_Name_14,449.82,69,CUST_716,South
ORDER_209,2024-08-08,PRODUCT_3359,Product_Name_40,143.05,58,CUST_543,East
ORDER_210,2023-11-28,PRODUCT_2805,Product_Name_46,143.84,76,CUST_880,South
ORDER_211,2023-12-24,PRODUCT_6077,Product_Name_71,102.96,94,CUST_638,North
ORDER_212,2024-06-13,PRODUCT_7868,Product_Name_77,265.2,86,CUST_875,North
ORDER_213,2023-12-05,PRODUCT_1850,Product_Name_53,468.36,35,CUST_987,Central
ORDER_214,2024-11-08,PRODUCT_1210,Product_Name_75,392.77,64,CUST_936,North
ORDER_215,2024-06-08,PRODUCT_2585,Product_Name_6,469.3,94,CUST_534,East
ORDER_216,2024-09-21,PRODUCT_1958,Product_Name_72,344.47,49,CUST_297,Central
ORDER_217,2024-01-02,PRODUCT_8066,Product_Name_47,235.68,76,CUST_603,West
ORDER_218,2024-01-02,PRODUCT_3320,Product_Name_33,13.84,2,CUST_457,Central
ORDER_219,2024-01-26,PRODUCT_2785,Product_Name_86,279.35,75,CUST_120,West
ORDER_220,2024-05-18,PRODUCT_1150,Product_Name_46,35.66,33,CUST_255,East
ORDER_221,2024-05-14,PRODUCT_4150,Product_Name_61,98.74,33,CUST_500,Central
ORDER_222,2024-02-21,PRODUCT_8088,Product_Name_58,360.41,92,CUST_855,East
ORDER_223,2023-11-27,PRODUCT_2412,Product_Name_2,475.73,31,CUST_229,West
ORDER_224,2024-08-13,PRODUCT_1007,Product_Name_10,93.12,22,CUST_801,South
ORDER_225,2024-01-26,PRODUCT_8011,Product_Name_8,89.73,70,CUST_627,South
ORDER_226,2024-09-14,PRODUCT_4096,Product_Name_99,208.65,73,CUST_134,Central
ORDER_227,2024-11-08,PRODUCT_4055,Product_Name_85,231.68,80,CUST_463,West
ORDER_228,2024-05-28,PRODUCT_5365,Product_Name_45,233.27,17,CUST_385,South
ORDER_229,2024-02-15,PRODUCT_3655,Product_Name_53,334.94,14,CUST_417,Central
ORDER_230,2024-11-11,PRODUCT_9173,Product_Name_73,53.14,33,CUST_386,North
ORDER_231,2024-02-24,PRODUCT_9434,Product_Name_68,294.63,81,CUST_431,Central
ORDER_232,2024-06-03,PRODUCT_8776,Product_Name_7,38.04,27,CUST_338,West
ORDER_233,2024-11-05,PRODUCT_6594,Product_Name_6,137.52,11,CUST_962,North
ORDER_234,2024-10-03,PRODUCT_9511,Product_Name_76,326.42,45,CUST_559,West
ORDER_235,2024-10-08,PRODUCT_6267,Product_Name_63,364.58,32,CUST_362,West
ORDER_236,2024-04-28,PRODUCT_5589,Product_Name_11,29.72,90,CUST_753,East
ORDER_237,2024-07-21,PRODUCT_1200,Product_Name_69,123.87,89,CUST_637,Central
ORDER_238,2024-08-07,PRODUCT_2595,Product_Name_24,426.56,59,CUST_547,West
ORDER_239,2024-04-08,PRODUCT_5269,Product_Name_69,420.42,95,CUST_872,Central
ORDER_240,2024-08-30,PRODUCT_4561,Product_Name_67,30.66,68,CUST_650,West
ORDER_241,2023-12-02,PRODUCT_2652,Product_Name_34,162.21,92,CUST_857,Central
ORDER_242,2024-06-02,PRODUCT_1390,Product_Name_41,403.86,36,CUST_572,South
ORDER_243,2024-02-01,PRODUCT_2825,Product_Name_92,379.0,44,CUST_603,Central
ORDER_244,2024-03-29,PRODUCT_7827,Product_Name_71,496.0,13,CUST_661,North
ORDER_245,2024-01-22,PRODUCT_4709,Product_Name_71,218.86,3,CUST_889,Central
ORDER_246,2024-10-20,PRODUCT_2433,Product_Name_57,201.57,20,CUST_196,North
ORDER_247,2024-02-23,PRODUCT_1603,Product_Name_9,329.36,32,CUST_463,Central
ORDER_248,2024-10-04,PRODUCT_2775,Product_Name_46,433.71,75,CUST_287,East
ORDER_249,2024-06-25,PRODUCT_3159,Product_Name_99,280.79,27,CUST_379,North
ORDER_250,2024-05-10,PRODUCT_9815,Product_Name_62,189.99,50,CUST_611,West
ORDER_251,2024-01-11,PRODUCT_8836,Product_Name_91,214.64,27,CUST_422,Central
ORDER_252,2024-09-11,PRODUCT_9137,Product_Name_60,138.77,76,CUST_286,East
ORDER_253,2024-01-10,PRODUCT_7373,Product_Name_97,163.97,18,CUST_467,West
ORDER_254,2024-05-06,PRODUCT_2210,Product_Name_43,217.14,90,CUST_897,Central
ORDER_255,2024-03-09,PRODUCT_3620,Product_Name_26,128.76,38,CUST_447,Central
ORDER_256,2024-01-01,PRODUCT_5746,Product_Name_29,129.57,88,CUST_569,Central
ORDER_257,2023-12-29,PRODUCT_5475,Product_Name_31,132.63,64,CUST_268,West
ORDER_258,2023-12-28,PRODUCT_8552,Product_Name_94,349.88,42,CUST_935,South
ORDER_259,2024-09-22,PRODUCT_4538,Product_Name_51,54.88,37,CUST_872,South
ORDER_260,2024-04-01,PRODUCT_6903,Product_Name_17,454.04,3,CUST_839,Central
ORDER_261,2024-11-06,PRODUCT_2134,Product_Name_1,211.22,96,CUST_119,Central
ORDER_262,2024-08-12,PRODUCT_5276,Product_Name_63,393.92,54,CUST_714,Central
ORDER_263,2024-02-18,PRODUCT_2887,Product_Name_27,245.91,4,CUST_802,West
ORDER_264,2024-01-30,PRODUCT_4783,Product_Name_87,413.47,89,CUST_106,West
ORDER_265,2024-07-03,PRODUCT_7699,Product_Name_39,297.42,99,CUST_147,East
ORDER_266,2024-01-25,PRODUCT_9965,Product_Name_99,417.17,92,CUST_663,West
ORDER_267,2024-01-08,PRODUCT_2874,Product_Name_69,318.16,22,CUST_972,Central
ORDER_268,2024-11-05,PRODUCT_1174,Product_Name_25,379.83,62,CUST_994,West
ORDER_269,2024-10-19,PRODUCT_8773,Product_Name_48,432.58,77,CUST_148,West
ORDER_270,2024-07-03,PRODUCT_7861,Product_Name_64,331.75,14,CUST_454,South
ORDER_271,2024-05-30,PRODUCT_9508,Product_Name_31,430.67,38,CUST_293,West
ORDER_272,2023-12-03,PRODUCT_5627,Product_Name_40,207.66,42,CUST_519,Central
ORDER_273,2024-09-20,PRODUCT_9878,Product_Name_9,264.74,86,CUST_716,Central
ORDER_274,2024-07-31,PRODUCT_8510,Product_Name_18,468.28,64,CUST_684,North
ORDER_275,2024-10-30,PRODUCT_3105,Product_Name_68,358.19,10,CUST_140,West
ORDER_276,2024-09-20,PRODUCT_1693,Product_Name_87,36.17,99,CUST_812,East
ORDER_277,2024-01-01,PRODUCT_9209,Product_Name_84,278.76,71,CUST_330,North
ORDER_278,2024-05-11,PRODUCT_7471,Product_Name_33,204.04,70,CUST_896,North
ORDER_279,2023-12-14,PRODUCT_7249,Product_Name_19,236.08,21,CUST_807,East
ORDER_280,2023-12-03,PRODUCT_4602,Product_Name_49,369.12,40,CUST_842,North
ORDER_281,2023-11-28,PRODUCT_7433,Product_Name_67,192.89,28,CUST_159,South
ORDER_282,2024-09-02,PRODUCT_4023,Product_Name_90,10.77,88,CUST_821,Central
ORDER_283,2024-09-16,PRODUCT_4393,Product_Name_30,272.9,84,CUST_669,South
ORDER_284,2024-10-24,PRODUCT_4939,Product_Name_34,34.54,94,CUST_543,South
ORDER_285,2023-12-23,PRODUCT_6877,Product_Name_71,163.9,38,CUST_616,West
ORDER_286,2024-08-20,PRODUCT_5231,Product_Name_48,291.31,67,CUST_293,Central
ORDER_287,2024-11-07,PRODUCT_9825,Product_Name_21,209.88,70,CUST_666,Central
ORDER_288,2024-07-14,PRODUCT_4693,Product_Name_66,345.39,66,CUST_566,North
ORDER_289,2024-07-23,PRODUCT_5977,Product_Name_2,143.64,83,CUST_320,West
ORDER_290,2023-12-18,PRODUCT_2172,Product_Name_42,55.43,84,CUST_468,West
ORDER_291,2024-01-30,PRODUCT_1461,Product_Name_58,315.98,52,CUST_625,East
ORDER_292,2024-08-21,PRODUCT_8546,Product_Name_40,385.08,95,CUST_201,North
ORDER_293,2024-10-31,PRODUCT_2742,Product_Name_19,58.79,68,CUST_455,South
ORDER_294,2024-06-17,PRODUCT_9798,Product_Name_84,430.71,7,CUST_693,South
ORDER_295,2024-05-02,PRODUCT_9017,Product_Name_84,247.88,85,CUST_164,Central
ORDER_296,2024-02-29,PRODUCT_9023,Product_Name_29,152.32,49,CUST_268,West
ORDER_297,2024-06-29,PRODUCT_2456,Product_Name_53,460.37,99,CUST_695,South
ORDER_298,2024-01-29,PRODUCT_6322,Product_Name_95,266.26,4,CUST_477,West
ORDER_299,2024-05-15,PRODUCT_8899,Product_Name_77,298.77,84,CUST_430,West
ORDER_300,2024-07-01,PRODUCT_9915,Product_Name_10,56.08,45,CUST_623,East
ORDER_301,2024-03-19,PRODUCT_4102,Product_Name_77,39.87,72,CUST_567,North
ORDER_302,2024-03-10,PRODUCT_2992,Product_Name_26,483.17,67,CUST_683,North
ORDER_303,2024-03-17,PRODUCT_1300,Product_Name_12,118.07,55,CUST_692,East
ORDER_304,2024-09-03,PRODUCT_9009,Product_Name_55,131.37,86,CUST_540,West
ORDER_305,2024-03-11,PRODUCT_3141,Product_Name_18,208.16,63,CUST_587,East
ORDER_306,2024-06-04,PRODUCT_8712,Product_Name_40,423.47,55,CUST_203,West
ORDER_307,2024-06-09,PRODUCT_1465,Product_Name_36,428.33,7,CUST_399,East
ORDER_308,2024-01-24,PRODUCT_3565,Product_Name_99,107.09,31,CUST_108,East
ORDER_309,2024-06-23,PRODUCT_5425,Product_Name_21,169.32,43,CUST_892,Central
ORDER_310,2024-06-29,PRODUCT_3028,Product_Name_77,99.07,93,CUST_890,South
ORDER_311,2024-05-05,PRODUCT_5785,Product_Name_70,451.63,45,CUST_629,Central
ORDER_312,2024-02-09,PRODUCT_9082,Product_Name_79,351.23,39,CUST_922,Central
ORDER_313,2024-02-04,PRODUCT_7304,Product_Name_50,303.83,74,CUST_835,North
ORDER_314,2024-10-09,PRODUCT_1563,Product_Name_82,305.9,40,CUST_803,South
ORDER_315,2024-05-02,PRODUCT_4810,Product_Name_99,115.55,19,CUST_976,East
ORDER_316,2024-07-06,PRODUCT_7720,Product_Name_3,440.54,39,CUST_681,East
ORDER_317,2024-01-28,PRODUCT_3881,Product_Name_94,440.28,61,CUST_151,South
ORDER_318,2024-06-19,PRODUCT_3840,Product_Name_93,109.29,45,CUST_360,South
ORDER_319,2024-08-10,PRODUCT_8819,Product_Name_98,420.67,31,CUST_838,North
ORDER_320,2024-08-10,PRODUCT_4355,Product_Name_30,50.62,65,CUST_233,Central
ORDER_321,2023-12-06,PRODUCT_6538,Product_Name_45,476.25,21,CUST_183,North
ORDER_322,2023-11-24,PRODUCT_3619,Product_Name_20,90.97,45,CUST_661,North
ORDER_323,2024-07-14,PRODUCT_3077,Product_Name_68,34.17,44,CUST_991,South
ORDER_324,2024-07-26,PRODUCT_2131,Product_Name_16,198.7,87,CUST_225,West
ORDER_325,2024-10-13,PRODUCT_8529,Product_Name_35,248.9,20,CUST_271,East
ORDER_326,2023-12-27,PRODUCT_5036,Product_Name_87,498.89,36,CUST_257,West
ORDER_327,2024-02-13,PRODUCT_9766,Product_Name_80,164.63,35,CUST_144,West
ORDER_328,2023-11-18,PRODUCT_8947,Product_Name_41,43.81,100,CUST_971,East
ORDER_329,2024-03-09,PRODUCT_3460,Product_Name_6,94.49,86,CUST_843,South
ORDER_330,2024-03-15,PRODUCT_8091,Product_Name_74,451.11,4,CUST_356,East
ORDER_331,2024-10-23,PRODUCT_1695,Product_Name_51,132.35,46,CUST_731,South
ORDER_332,2023-12-30,PRODUCT_3771,Product_Name_8,412.57,29,CUST_401,North
ORDER_333,2024-01-15,PRODUCT_3867,Product_Name_94,94.88,76,CUST_105,South
ORDER_334,2024-01-30,PRODUCT_5849,Product_Name_11,346.53,59,CUST_197,West
ORDER_335,2024-01-09,PRODUCT_3595,Product_Name_28,42.34,11,CUST_795,South
ORDER_336,2024-05-08,PRODUCT_9700,Product_Name_27,172.62,82,CUST_588,Central
ORDER_337,2023-12-07,PRODUCT_4562,Product_Name_36,340.88,22,CUST_201,North
ORDER_338,2023-11-26,PRODUCT_9784,Product_Name_89,15.96,56,CUST_565,North
ORDER_339,2024-07-08,PRODUCT_5585,Product_Name_16,183.77,71,CUST_801,South
ORDER_340,2024-03-04,PRODUCT_3901,Product_Name_90,237.95,13,CUST_860,East
ORDER_341,2024-06-09,PRODUCT_5600,Product_Name_11,202.88,35,CUST_686,North
ORDER_342,2024-05-24,PRODUCT_7747,Product_Name_10,411.15,87,CUST_131,South
ORDER_343,2024-07-22,PRODUCT_2391,Product_Name_53,17.99,80,CUST_428,West
ORDER_344,2023-11-18,PRODUCT_1985,Product_Name_43,339.88,35,CUST_832,East
ORDER_345,2023-11-19,PRODUCT_1612,Product_Name_96,152.36,83,CUST_246,East
ORDER_346,2024-10-04,PRODUCT_3696,Product_Name_14,28.69,74,CUST_203,South
ORDER_347,2024-07-29,PRODUCT_7469,Product_Name_30,197.19,79,CUST_230,North
ORDER_348,2023-12-02,PRODUCT_3531,Product_Name_19,280.96,8,CUST_659,South
ORDER_349,2024-05-14,PRODUCT_7195,Product_Name_84,31.6,84,CUST_917,North
ORDER_350,2024-05-25,PRODUCT_2786,Product_Name_62,238.52,40,CUST_724,Central
ORDER_351,2024-07-16,PRODUCT_5700,Product_Name_80,182.25,2,CUST_469,West
ORDER_352,2024-06-14,PRODUCT_1552,Product_Name_9,300.19,36,CUST_753,Central
ORDER_353,2024-04-17,PRODUCT_2951,Product_Name_41,73.7,4,CUST_319,East
ORDER_354,2024-04-04,PRODUCT_3024,Product_Name_12,332.93,49,CUST_681,North
ORDER_355,2024-08-04,PRODUCT_1655,Product_Name_21,122.98,34,CUST_218,North
ORDER_356,2024-06-27,PRODUCT_3556,Product_Name_49,403.58,45,CUST_993,North
ORDER_357,2024-01-05,PRODUCT_3753,Product_Name_20,369.22,15,CUST_552,South
ORDER_358,2024-08-09,PRODUCT_3594,Product_Name_33,378.74,44,CUST_449,Central
ORDER_359,2023-12-26,PRODUCT_3521,Product_Name_87,169.96,27,CUST_487,East
ORDER_360,2024-10-26,PRODUCT_7326,Product_Name_19,82.34,36,CUST_542,West
ORDER_361,2023-12-28,PRODUCT_1765,Product_Name_47,144.3,100,CUST_783,East
ORDER_362,2024-08-18,PRODUCT_7817,Product_Name_26,451.6,38,CUST_174,West
ORDER_363,2024-07-21,PRODUCT_2311,Product_Name_32,329.98,20,CUST_654,East
ORDER_364,2024-10-22,PRODUCT_5365,Product_Name_30,329.59,27,CUST_628,Central
ORDER_365,2024-09-05,PRODUCT_3237,Product_Name_13,398.66,26,CUST_164,Central
ORDER_366,2024-02-08,PRODUCT_4265,Product_Name_84,496.32,75,CUST_224,West
ORDER_367,2024-06-04,PRODUCT_2239,Product_Name_82,82.92,84,CUST_467,South
ORDER_368,2024-05-04,PRODUCT_4477,Product_Name_84,447.16,74,CUST_339,North
ORDER_369,2024-03-02,PRODUCT_9372,Product_Name_31,61.62,28,CUST_653,South
ORDER_370,2024-11-01,PRODUCT_2945,Product_Name_43,38.12,58,CUST_186,South
ORDER_371,2024-02-25,PRODUCT_5573,Product_Name_66,389.52,13,CUST_910,North
ORDER_372,2024-09-09,PRODUCT_8675,Product_Name_42,156.69,62,CUST_336,West
ORDER_373,2024-02-28,PRODUCT_5916,Product_Name_62,126.44,4,CUST_283,Central
ORDER_374,2024-02-03,PRODUCT_8265,Product_Name_75,216.36,25,CUST_771,East
ORDER_375,2024-08-22,PRODUCT_3792,Product_Name_60,240.44,8,CUST_798,Central
ORDER_376,2024-10-03,PRODUCT_6768,Product_Name_32,213.29,28,CUST_315,West
ORDER_377,2023-11-19,PRODUCT_3888,Product_Name_31,350.72,80,CUST_688,Central
ORDER_378,2024-10-29,PRODUCT_6953,Product_Name_51,234.45,82,CUST_642,Central
ORDER_379,2024-09-24,PRODUCT_8800,Product_Name_47,497.09,74,CUST_865,West
ORDER_380,2024-03-08,PRODUCT_6828,Product_Name_88,310.81,10,CUST_105,East
ORDER_381,2024-03-09,PRODUCT_7345,Product_Name_21,117.78,57,CUST_778,West
ORDER_382,2024-02-08,PRODUCT_3898,Product_Name_51,258.71,71,CUST_588,South
ORDER_383,2023-12-09,PRODUCT_4854,Product_Name_99,496.49,5,CUST_473,West
ORDER_384,2024-03-24,PRODUCT_6490,Product_Name_44,112.16,57,CUST_608,East
ORDER_385,2024-03-27,PRODUCT_5576,Product_Name_51,221.13,67,CUST_741,Central
ORDER_386,2024-08-31,PRODUCT_8191,Product_Name_70,17.91,63,CUST_702,East
ORDER_387,2024-10-12,PRODUCT_2028,Product_Name_97,356.34,84,CUST_663,Central
ORDER_388,2024-08-06,PRODUCT_7352,Product_Name_57,253.1,54,CUST_242,East
ORDER_389,2024-01-22,PRODUCT_8182,Product_Name_50,100.97,32,CUST_775,East
ORDER_390,2024-01-10,PRODUCT_7784,Product_Name_27,137.31,70,CUST_272,East
ORDER_391,2024-05-21,PRODUCT_7598,Product_Name_52,366.05,80,CUST_564,North
ORDER_392,2023-12-07,PRODUCT_4395,Product_Name_90,42.85,90,CUST_684,Central
ORDER_393,2024-02-25,PRODUCT_5320,Product_Name_69,423.81,51,CUST_873,South
ORDER_394,2024-07-03,PRODUCT_2610,Product_Name_92,190.8,67,CUST_349,South
ORDER_395,2024-05-04,PRODUCT_6706,Product_Name_92,130.0,59,CUST_849,North
ORDER_396,2024-03-18,PRODUCT_8727,Product_Name_56,281.83,26,CUST_518,North
ORDER_397,2024-10-18,PRODUCT_7059,Product_Name_38,481.84,23,CUST_402,South
ORDER_398,2024-09-28,PRODUCT_6252,Product_Name_2,38.94,68,CUST_133,West
ORDER_399,2024-01-30,PRODUCT_5456,Product_Name_76,120.47,40,CUST_709,South
ORDER_400,2024-08-25,PRODUCT_9779,Product_Name_56,311.69,53,CUST_827,North
ORDER_401,2024-11-05,PRODUCT_4491,Product_Name_44,282.81,35,CUST_907,South
ORDER_402,2024-10-16,PRODUCT_7410,Product_Name_27,456.57,7,CUST_917,Central
ORDER_403,2024-08-29,PRODUCT_8000,Product_Name_22,240.45,12,CUST_718,Central
ORDER_404,2024-11-10,PRODUCT_5806,Product_Name_5,371.16,63,CUST_637,South
ORDER_405,2024-03-05,PRODUCT_3000,Product_Name_49,283.15,12,CUST_346,Central
ORDER_406,2024-05-18,PRODUCT_5521,Product_Name_15,15.57,11,CUST_279,Central
ORDER_407,2024-07-13,PRODUCT_8886,Product_Name_42,68.32,36,CUST_320,South
ORDER_408,2024-11-01,PRODUCT_1297,Product_Name_59,297.86,27,CUST_893,East
ORDER_409,2024-07-20,PRODUCT_3794,Product_Name_83,341.25,87,CUST_848,South
ORDER_410,2024-04-29,PRODUCT_7975,Product_Name_28,338.16,22,CUST_782,West
ORDER_411,2024-11-05,PRODUCT_2231,Product_Name_40,360.27,17,CUST_793,North
ORDER_412,2024-11-13,PRODUCT_7637,Product_Name_95,398.44,51,CUST_868,North
ORDER_413,2024-01-01,PRODUCT_8586,Product_Name_53,227.09,76,CUST_516,West
ORDER_414,2024-06-07,PRODUCT_5879,Product_Name_97,11.25,87,CUST_955,West
ORDER_415,2024-04-17,PRODUCT_4265,Product_Name_24,195.26,51,CUST_757,Central
ORDER_416,2024-05-26,PRODUCT_3247,Product_Name_60,10.79,2,CUST_509,South
ORDER_417,2024-04-04,PRODUCT_7578,Product_Name_94,228.65,42,CUST_525,Central
ORDER_418,2024-03-11,PRODUCT_3823,Product_Name_26,62.94,46,CUST_281,West
ORDER_419,2024-11-07,PRODUCT_2114,Product_Name_67,156.42,43,CUST_428,West
ORDER_420,2024-02-28,PRODUCT_9530,Product_Name_99,311.11,25,CUST_395,South
ORDER_421,2023-12-25,PRODUCT_6195,Product_Name_3,99.79,94,CUST_326,West
ORDER_422,2024-09-27,PRODUCT_8802,Product_Name_1,43.98,73,CUST_982,South
ORDER_423,2024-06-04,PRODUCT_8905,Product_Name_19,193.31,27,CUST_981,North
ORDER_424,2024-03-08,PRODUCT_3749,Product_Name_55,338.34,27,CUST_468,North
ORDER_425,2024-10-25,PRODUCT_7756,Product_Name_36,257.03,36,CUST_846,East
ORDER_426,2024-09-03,PRODUCT_2880,Product_Name_57,154.42,36,CUST_593,North
ORDER_427,2024-05-08,PRODUCT_5166,Product_Name_60,461.18,41,CUST_638,South
ORDER_428,2024-06-20,PRODUCT_4262,Product_Name_45,49.18,5,CUST_619,West
ORDER_429,2024-04-19,PRODUCT_5258,Product_Name_32,40.96,53,CUST_599,Central
ORDER_430,2023-11-30,PRODUCT_7329,Product_Name_82,322.17,4,CUST_125,South
ORDER_431,2024-09-28,PRODUCT_1997,Product_Name_72,444.71,66,CUST_661,North
ORDER_432,2024-09-05,PRODUCT_1092,Product_Name_75,219.69,29,CUST_280,South
ORDER_433,2024-01-26,PRODUCT_6996,Product_Name_98,12.33,4,CUST_359,South
ORDER_434,2024-08-07,PRODUCT_9422,Product_Name_37,157.58,60,CUST_542,West
ORDER_435,2024-05-20,PRODUCT_2954,Product_Name_37,499.73,54,CUST_978,South
ORDER_436,2024-01-11,PRODUCT_2668,Product_Name_30,491.35,16,CUST_806,West
ORDER_437,2024-05-19,PRODUCT_5245,Product_Name_49,209.58,19,CUST_697,West
ORDER_438,2024-06-11,PRODUCT_2265,Product_Name_76,123.2,94,CUST_399,South
ORDER_439,2024-01-26,PRODUCT_4062,Product_Name_46,91.78,89,CUST_218,North
ORDER_440,2024-02-17,PRODUCT_6923,Product_Name_48,477.21,99,CUST_215,Central
ORDER_441,2024-02-26,PRODUCT_3800,Product_Name_89,139.48,38,CUST_336,North
ORDER_442,2023-11-21,PRODUCT_7980,Product_Name_71,131.75,52,CUST_478,North
ORDER_443,2024-05-02,PRODUCT_3116,Product_Name_88,112.79,20,CUST_663,North
ORDER_444,2024-10-04,PRODUCT_8910,Product_Name_66,197.28,11,CUST_946,East
ORDER_445,2023-11-26,PRODUCT_4271,Product_Name_58,453.29,57,CUST_836,North
ORDER_446,2024-07-18,PRODUCT_2947,Product_Name_44,190.94,43,CUST_926,South
ORDER_447,2024-09-22,PRODUCT_9238,Product_Name_95,152.47,77,CUST_799,East
ORDER_448,2024-01-25,PRODUCT_9480,Product_Name_52,103.19,13,CUST_980,West
ORDER_449,2024-06-23,PRODUCT_5752,Product_Name_54,190.23,32,CUST_567,West
ORDER_450,2024-05-24,PRODUCT_6011,Product_Name_99,204.86,61,CUST_979,South
ORDER_451,2024-01-17,PRODUCT_1480,Product_Name_55,429.05,20,CUST_559,North
ORDER_452,2024-02-08,PRODUCT_4632,Product_Name_58,96.63,96,CUST_942,North
ORDER_453,2024-09-05,PRODUCT_3261,Product_Name_80,188.34,86,CUST_419,West
ORDER_454,2024-08-31,PRODUCT_7282,Product_Name_29,359.32,87,CUST_118,South
ORDER_455,2024-06-27,PRODUCT_9523,Product_Name_13,427.03,21,CUST_707,South
ORDER_456,2024-04-28,PRODUCT_3171,Product_Name_75,438.08,24,CUST_996,South
ORDER_457,2024-02-11,PRODUCT_9557,Product_Name_33,224.04,5,CUST_326,West
ORDER_458,2024-10-11,PRODUCT_3197,Product_Name_12,15.72,50,CUST_851,Central
ORDER_459,2024-05-02,PRODUCT_9249,Product_Name_54,308.54,16,CUST_781,East
ORDER_460,2024-04-05,PRODUCT_2520,Product_Name_15,239.9,56,CUST_934,West
ORDER_461,2024-09-05,PRODUCT_5410,Product_Name_18,403.06,36,CUST_599,South
ORDER_462,2024-01-16,PRODUCT_3960,Product_Name_46,10.63,43,CUST_726,South
ORDER_463,2024-08-24,PRODUCT_2787,Product_Name_3,121.87,44,CUST_441,South
ORDER_464,2024-08-07,PRODUCT_6824,Product_Name_51,205.34,50,CUST_541,North
ORDER_465,2024-02-17,PRODUCT_9397,Product_Name_36,320.13,43,CUST_503,Central
ORDER_466,2024-05-09,PRODUCT_1919,Product_Name_40,103.79,79,CUST_462,East
ORDER_467,2024-08-17,PRODUCT_6439,Product_Name_60,96.51,46,CUST_104,West
ORDER_468,2024-01-04,PRODUCT_5912,Product_Name_68,251.14,83,CUST_136,North
ORDER_469,2024-01-23,PRODUCT_6568,Product_Name_59,426.15,23,CUST_120,Central
ORDER_470,2024-03-12,PRODUCT_9090,Product_Name_53,493.8,77,CUST_690,Central
ORDER_471,2024-02-05,PRODUCT_7316,Product_Name_78,492.37,2,CUST_223,Central
ORDER_472,2023-12-10,PRODUCT_4660,Product_Name_28,375.94,45,CUST_562,South
ORDER_473,2024-05-20,PRODUCT_9516,Product_Name_25,133.75,9,CUST_597,South
ORDER_474,2024-04-06,PRODUCT_9389,Product_Name_52,151.73,72,CUST_940,Central
ORDER_475,2024-07-16,PRODUCT_2789,Product_Name_79,308.25,46,CUST_613,North
ORDER_476,2024-06-16,PRODUCT_5065,Product_Name_54,93.42,3,CUST_940,South
ORDER_477,2024-05-26,PRODUCT_6561,Product_Name_81,231.8,2,CUST_719,West
ORDER_478,2024-08-11,PRODUCT_3751,Product_Name_43,335.72,9,CUST_643,North
ORDER_479,2024-03-13,PRODUCT_8915,Product_Name_7,82.26,68,CUST_238,West
ORDER_480,2024-08-14,PRODUCT_8192,Product_Name_78,161.91,61,CUST_422,Central
ORDER_481,2024-09-13,PRODUCT_4356,Product_Name_22,136.74,24,CUST_986,North
ORDER_482,2023-12-14,PRODUCT_5649,Product_Name_57,140.4,95,CUST_783,East
ORDER_483,2024-03-10,PRODUCT_5784,Product_Name_2,274.3,3,CUST_536,West
ORDER_484,2024-09-27,PRODUCT_9125,Product_Name_45,287.27,99,CUST_799,East
ORDER_485,2024-05-14,PRODUCT_2639,Product_Name_25,45.46,45,CUST_252,North
ORDER_486,2024-01-08,PRODUCT_2181,Product_Name_3,172.47,3,CUST_493,Central
ORDER_487,2024-10-16,PRODUCT_9544,Product_Name_81,371.7,85,CUST_735,South
ORDER_488,2024-10-11,PRODUCT_5680,Product_Name_20,354.57,75,CUST_765,West
ORDER_489,2024-02-04,PRODUCT_9413,Product_Name_25,230.29,26,CUST_838,South
ORDER_490,2024-04-28,PRODUCT_9427,Product_Name_14,10.84,33,CUST_969,West
ORDER_491,2024-04-30,PRODUCT_4524,Product_Name_32,301.04,80,CUST_466,Central
ORDER_492,2024-05-18,PRODUCT_4543,Product_Name_73,346.3,40,CUST_306,West
ORDER_493,2024-03-22,PRODUCT_8557,Product_Name_24,12.76,45,CUST_160,West
ORDER_494,2024-02-29,PRODUCT_3543,Product_Name_27,290.87,19,CUST_492,North
ORDER_495,2024-01-20,PRODUCT_6766,Product_Name_19,42.76,24,CUST_820,North
ORDER_496,2024-02-20,PRODUCT_4803,Product_Name_74,187.39,21,CUST_757,West
ORDER_497,2024-07-25,PRODUCT_8642,Product_Name_8,421.73,37,CUST_583,South
ORDER_498,2024-10-03,PRODUCT_5342,Product_Name_55,134.24,39,CUST_383,Central
ORDER_499,2024-08-17,PRODUCT_3517,Product_Name_88,424.25,41,CUST_476,Central
ORDER_500,2024-05-16,PRODUCT_9671,Product_Name_23,389.11,66,CUST_189,East
ORDER_501,2024-01-06,PRODUCT_8654,Product_Name_38,329.78,29,CUST_402,North
ORDER_502,2024-02-15,PRODUCT_9480,Product_Name_67,400.2,61,CUST_825,East
ORDER_503,2023-12-25,PRODUCT_6821,Product_Name_49,98.48,32,CUST_437,East
ORDER_504,2024-05-11,PRODUCT_4779,Product_Name_76,139.36,80,CUST_940,South
ORDER_505,2024-03-19,PRODUCT_2842,Product_Name_91,14.91,23,CUST_235,East
ORDER_506,2023-11-29,PRODUCT_1107,Product_Name_16,285.27,72,CUST_893,West
ORDER_507,2023-12-14,PRODUCT_3877,Product_Name_72,66.92,41,CUST_985,Central
ORDER_508,2024-02-05,PRODUCT_6495,Product_Name_70,372.05,7,CUST_642,South
ORDER_509,2024-05-17,PRODUCT_4235,Product_Name_85,251.24,55,CUST_434,West
ORDER_510,2024-02-01,PRODUCT_2609,Product_Name_78,283.33,40,CUST_107,West
ORDER_511,2023-11-28,PRODUCT_7677,Product_Name_10,411.2,56,CUST_946,North
ORDER_512,2024-03-23,PRODUCT_2595,Product_Name_78,437.12,21,CUST_434,North
ORDER_513,2023-11-27,PRODUCT_5591,Product_Name_37,359.24,90,CUST_190,West
ORDER_514,2024-03-23,PRODUCT_1432,Product_Name_51,385.39,41,CUST_423,South
ORDER_515,2024-11-14,PRODUCT_8057,Product_Name_71,305.78,16,CUST_716,Central
ORDER_516,2024-06-04,PRODUCT_1517,Product_Name_25,410.57,23,CUST_268,North
ORDER_517,2023-12-09,PRODUCT_4613,Product_Name_40,283.18,44,CUST_489,Central
ORDER_518,2024-04-03,PRODUCT_8711,Product_Name_42,200.81,100,CUST_444,East
ORDER_519,2024-03-22,PRODUCT_9966,Product_Name_98,475.0,64,CUST_909,Central
ORDER_520,2024-08-23,PRODUCT_1574,Product_Name_41,204.37,69,CUST_289,North
ORDER_521,2024-06-06,PRODUCT_8268,Product_Name_61,206.63,28,CUST_284,Central
ORDER_522,2024-04-25,PRODUCT_5212,Product_Name_76,267.27,94,CUST_786,South
ORDER_523,2024-06-21,PRODUCT_3088,Product_Name_35,186.0,14,CUST_956,East
ORDER_524,2024-11-10,PRODUCT_4986,Product_Name_82,150.23,50,CUST_545,Central
ORDER_525,2024-07-19,PRODUCT_2990,Product_Name_16,209.38,76,CUST_573,West
ORDER_526,2024-10-09,PRODUCT_1768,Product_Name_19,107.23,81,CUST_155,East
ORDER_527,2024-01-30,PRODUCT_5856,Product_Name_99,219.37,68,CUST_271,North
ORDER_528,2024-11-16,PRODUCT_6667,Product_Name_78,446.96,36,CUST_420,South
ORDER_529,2024-03-11,PRODUCT_4914,Product_Name_49,362.68,49,CUST_710,South
ORDER_530,2024-11-05,PRODUCT_7759,Product_Name_46,43.46,36,CUST_381,South
ORDER_531,2024-09-25,PRODUCT_2921,Product_Name_57,77.01,33,CUST_727,North
ORDER_532,2024-02-25,PRODUCT_4845,Product_Name_81,166.27,13,CUST_984,East
ORDER_533,2024-11-16,PRODUCT_9497,Product_Name_49,63.7,98,CUST_777,East
ORDER_534,2024-04-18,PRODUCT_9618,Product_Name_63,166.85,77,CUST_705,Central
ORDER_535,2024-05-14,PRODUCT_1663,Product_Name_91,436.08,34,CUST_554,Central
ORDER_536,2024-08-23,PRODUCT_5906,Product_Name_56,358.97,25,CUST_589,West
ORDER_537,2024-04-09,PRODUCT_8391,Product_Name_18,18.26,56,CUST_793,Central
ORDER_538,2024-11-13,PRODUCT_9980,Product_Name_83,240.78,43,CUST_771,North
ORDER_539,2023-12-09,PRODUCT_8037,Product_Name_76,264.46,10,CUST_121,East
ORDER_540,2024-04-18,PRODUCT_8434,Product_Name_98,360.24,21,CUST_645,Central
ORDER_541,2024-02-12,PRODUCT_2674,Product_Name_81,140.02,32,CUST_266,West
ORDER_542,2024-03-01,PRODUCT_1275,Product_Name_78,393.34,37,CUST_157,East
ORDER_543,2024-05-06,PRODUCT_9788,Product_Name_6,356.62,34,CUST_201,Central
ORDER_544,2024-03-13,PRODUCT_7254,Product_Name_70,94.81,35,CUST_176,Central
ORDER_545,2024-08-26,PRODUCT_5616,Product_Name_94,139.78,78,CUST_380,East
ORDER_546,2024-04-16,PRODUCT_1170,Product_Name_74,363.05,80,CUST_545,North
ORDER_547,2024-08-22,PRODUCT_7128,Product_Name_6,380.26,36,CUST_106,Central
ORDER_548,2024-10-07,PRODUCT_1337,Product_Name_73,497.17,23,CUST_198,South
ORDER_549,2024-05-15,PRODUCT_8356,Product_Name_11,260.94,58,CUST_825,Central
ORDER_550,2024-01-25,PRODUCT_4519,Product_Name_70,499.07,53,CUST_900,West
ORDER_551,2024-05-28,PRODUCT_3546,Product_Name_73,408.23,81,CUST_222,East
ORDER_552,2024-09-27,PRODUCT_8362,Product_Name_24,383.45,32,CUST_775,West
ORDER_553,2023-11-30,PRODUCT_1062,Product_Name_38,405.83,35,CUST_475,North
ORDER_554,2024-08-12,PRODUCT_2472,Product_Name_78,354.84,20,CUST_306,East
ORDER_555,2024-03-14,PRODUCT_7388,Product_Name_42,29.14,21,CUST_167,North
ORDER_556,2024-01-03,PRODUCT_6387,Product_Name_47,424.85,13,CUST_838,West
ORDER_557,2024-03-10,PRODUCT_9955,Product_Name_51,125.35,50,CUST_543,West
ORDER_558,2024-08-07,PRODUCT_6977,Product_Name_61,489.85,28,CUST_373,East
ORDER_559,2024-11-04,PRODUCT_9919,Product_Name_77,159.93,59,CUST_439,South
ORDER_560,2024-09-11,PRODUCT_8538,Product_Name_47,206.4,76,CUST_925,West
ORDER_561,2024-01-26,PRODUCT_8700,Product_Name_18,121.97,46,CUST_627,Central
ORDER_562,2024-06-07,PRODUCT_4083,Product_Name_54,214.51,88,CUST_881,Central
ORDER_563,2024-08-10,PRODUCT_1440,Product_Name_86,351.19,21,CUST_407,North
ORDER_564,2024-01-10,PRODUCT_2110,Product_Name_59,310.29,32,CUST_799,East
ORDER_565,2024-07-27,PRODUCT_6954,Product_Name_27,460.82,31,CUST_132,South
ORDER_566,2023-11-20,PRODUCT_7863,Product_Name_71,314.85,88,CUST_186,West
ORDER_567,2024-08-06,PRODUCT_2097,Product_Name_26,415.43,22,CUST_739,West
ORDER_568,2023-11-17,PRODUCT_3838,Product_Name_37,175.32,31,CUST_665,South
ORDER_569,2024-04-25,PRODUCT_1577,Product_Name_31,474.76,41,CUST_696,East
ORDER_570,2024-06-03,PRODUCT_4689,Product_Name_72,477.03,70,CUST_791,Central
ORDER_571,2024-10-03,PRODUCT_9490,Product_Name_16,91.7,79,CUST_978,North
ORDER_572,2024-04-13,PRODUCT_3815,Product_Name_42,79.73,71,CUST_274,North
ORDER_573,2024-11-06,PRODUCT_7595,Product_Name_84,309.73,93,CUST_888,North
ORDER_574,2024-08-05,PRODUCT_9439,Product_Name_16,369.78,55,CUST_590,South
ORDER_575,2024-01-27,PRODUCT_2940,Product_Name_32,108.66,96,CUST_394,East
ORDER_576,2024-01-26,PRODUCT_1686,Product_Name_51,139.13,81,CUST_311,West
ORDER_577,2024-05-15,PRODUCT_5669,Product_Name_47,132.98,41,CUST_468,North
ORDER_578,2024-03-01,PRODUCT_8106,Product_Name_74,12.21,14,CUST_593,South
ORDER_579,2024-10-25,PRODUCT_3801,Product_Name_56,306.78,24,CUST_996,East
ORDER_580,2024-10-13,PRODUCT_4998,Product_Name_39,80.89,22,CUST_891,East
ORDER_581,2024-05-05,PRODUCT_9967,Product_Name_35,433.56,4,CUST_929,East
ORDER_582,2024-04-03,PRODUCT_6845,Product_Name_15,449.1,64,CUST_973,North
ORDER_583,2024-09-13,PRODUCT_6302,Product_Name_60,363.09,9,CUST_350,West
ORDER_584,2024-03-16,PRODUCT_9666,Product_Name_23,309.28,26,CUST_325,West
ORDER_585,2024-03-10,PRODUCT_8128,Product_Name_93,420.66,9,CUST_364,West
ORDER_586,2024-09-28,PRODUCT_9691,Product_Name_26,197.9,52,CUST_144,West
ORDER_587,2024-07-15,PRODUCT_5533,Product_Name_94,122.12,97,CUST_757,East
ORDER_588,2024-02-22,PRODUCT_6236,Product_Name_57,463.7,79,CUST_498,Central
ORDER_589,2024-05-19,PRODUCT_2555,Product_Name_58,16.85,80,CUST_388,East
ORDER_590,2024-02-17,PRODUCT_8922,Product_Name_71,22.31,100,CUST_537,West
ORDER_591,2024-05-21,PRODUCT_4850,Product_Name_75,75.06,52,CUST_867,West
ORDER_592,2024-01-14,PRODUCT_4540,Product_Name_12,341.36,18,CUST_949,Central
ORDER_593,2024-09-03,PRODUCT_4001,Product_Name_91,133.47,72,CUST_486,East
ORDER_594,2024-07-01,PRODUCT_9466,Product_Name_11,476.34,55,CUST_182,South
ORDER_595,2024-07-31,PRODUCT_6929,Product_Name_61,255.97,26,CUST_981,West
ORDER_596,2024-07-29,PRODUCT_9019,Product_Name_8,60.04,35,CUST_577,Central
ORDER_597,2023-12-17,PRODUCT_7812,Product_Name_9,485.05,87,CUST_871,Central
ORDER_598,2024-05-29,PRODUCT_9492,Product_Name_90,337.04,35,CUST_178,West
ORDER_599,2024-08-05,PRODUCT_4088,Product_Name_45,301.66,51,CUST_270,South
ORDER_600,2024-03-17,PRODUCT_9623,Product_Name_62,124.76,1,CUST_192,South
ORDER_601,2024-02-13,PRODUCT_4830,Product_Name_15,80.62,58,CUST_533,South
ORDER_602,2024-07-06,PRODUCT_2113,Product_Name_52,20.03,88,CUST_124,Central
ORDER_603,2024-09-22,PRODUCT_6665,Product_Name_13,360.2,54,CUST_782,Central
ORDER_604,2024-01-05,PRODUCT_5682,Product_Name_81,174.4,23,CUST_629,South
ORDER_605,2024-02-15,PRODUCT_4980,Product_Name_43,429.18,65,CUST_372,South
ORDER_606,2024-06-25,PRODUCT_7363,Product_Name_16,141.43,83,CUST_367,South
ORDER_607,2023-12-05,PRODUCT_4457,Product_Name_11,65.32,72,CUST_461,West
ORDER_608,2024-08-19,PRODUCT_8966,Product_Name_100,28.86,17,CUST_443,North
ORDER_609,2023-12-09,PRODUCT_6710,Product_Name_99,157.07,43,CUST_313,South
ORDER_610,2024-03-03,PRODUCT_6471,Product_Name_24,160.5,3,CUST_709,West
ORDER_611,2024-02-11,PRODUCT_2628,Product_Name_30,234.16,80,CUST_326,West
ORDER_612,2024-07-24,PRODUCT_9776,Product_Name_83,11.09,40,CUST_613,East
ORDER_613,2023-11-17,PRODUCT_5768,Product_Name_68,103.39,51,CUST_748,Central
ORDER_614,2024-03-16,PRODUCT_9408,Product_Name_92,357.96,5,CUST_524,West
ORDER_615,2024-01-24,PRODUCT_4899,Product_Name_74,420.36,45,CUST_151,South
ORDER_616,2024-03-07,PRODUCT_6688,Product_Name_52,462.42,54,CUST_547,North
ORDER_617,2024-02-28,PRODUCT_1963,Product_Name_28,319.05,89,CUST_995,Central
ORDER_618,2024-10-15,PRODUCT_5776,Product_Name_56,84.87,91,CUST_576,West
ORDER_619,2024-01-19,PRODUCT_6885,Product_Name_63,427.64,87,CUST_355,South
ORDER_620,2024-01-24,PRODUCT_7831,Product_Name_51,359.9,80,CUST_639,East
ORDER_621,2024-03-14,PRODUCT_1139,Product_Name_53,115.45,11,CUST_900,Central
ORDER_622,2024-11-09,PRODUCT_4007,Product_Name_61,317.2,16,CUST_563,North
ORDER_623,2023-11-23,PRODUCT_4911,Product_Name_23,139.29,2,CUST_549,East
ORDER_624,2024-10-03,PRODUCT_2526,Product_Name_77,411.65,48,CUST_565,West
ORDER_625,2024-07-21,PRODUCT_1757,Product_Name_24,225.97,93,CUST_974,South
ORDER_626,2024-03-06,PRODUCT_4958,Product_Name_23,337.37,62,CUST_851,East
ORDER_627,2024-10-09,PRODUCT_5492,Product_Name_11,353.85,7,CUST_731,West
ORDER_628,2024-04-30,PRODUCT_4250,Product_Name_61,305.31,60,CUST_432,Central
ORDER_629,2024-09-19,PRODUCT_4997,Product_Name_91,57.06,11,CUST_446,South
ORDER_630,2024-03-12,PRODUCT_3195,Product_Name_25,64.91,11,CUST_613,East
ORDER_631,2024-05-12,PRODUCT_1354,Product_Name_43,408.25,75,CUST_924,West
ORDER_632,2024-03-12,PRODUCT_8959,Product_Name_45,108.76,79,CUST_854,West
ORDER_633,2023-12-10,PRODUCT_4228,Product_Name_96,96.83,7,CUST_778,North
ORDER_634,2024-04-29,PRODUCT_9111,Product_Name_46,228.87,32,CUST_778,South
ORDER_635,2024-06-22,PRODUCT_4950,Product_Name_6,234.15,60,CUST_898,West
ORDER_636,2024-04-16,PRODUCT_5308,Product_Name_83,423.47,5,CUST_154,South
ORDER_637,2024-04-22,PRODUCT_4880,Product_Name_24,89.25,56,CUST_566,North
ORDER_638,2024-08-23,PRODUCT_4347,Product_Name_53,320.93,31,CUST_367,Central
ORDER_639,2024-10-24,PRODUCT_5843,Product_Name_88,30.41,15,CUST_691,Central
ORDER_640,2024-08-22,PRODUCT_3703,Product_Name_27,182.66,87,CUST_906,West
ORDER_641,2024-07-10,PRODUCT_6365,Product_Name_76,108.76,27,CUST_915,Central
ORDER_642,2024-04-20,PRODUCT_6325,Product_Name_23,40.61,83,CUST_870,East
ORDER_643,2024-09-02,PRODUCT_6068,Product_Name_2,224.21,72,CUST_537,South
ORDER_644,2024-08-27,PRODUCT_9826,Product_Name_74,436.17,50,CUST_130,West
ORDER_645,2024-01-09,PRODUCT_9126,Product_Name_17,53.55,23,CUST_601,South
ORDER_646,2024-09-14,PRODUCT_6849,Product_Name_41,263.7,2,CUST_566,Central
ORDER_647,2024-06-02,PRODUCT_4704,Product_Name_82,300.15,2,CUST_889,North
ORDER_648,2024-03-30,PRODUCT_5824,Product_Name_72,115.15,18,CUST_305,North
ORDER_649,2023-12-11,PRODUCT_7107,Product_Name_12,334.32,13,CUST_910,North
ORDER_650,2024-08-05,PRODUCT_8593,Product_Name_79,454.39,72,CUST_907,Central
ORDER_651,2024-02-22,PRODUCT_7820,Product_Name_14,314.29,16,CUST_153,West
ORDER_652,2024-08-03,PRODUCT_5290,Product_Name_61,468.12,87,CUST_458,North
ORDER_653,2023-12-15,PRODUCT_2620,Product_Name_67,488.69,26,CUST_281,Central
ORDER_654,2024-04-05,PRODUCT_1090,Product_Name_55,219.62,79,CUST_880,West
ORDER_655,2024-05-16,PRODUCT_5746,Product_Name_94,338.11,43,CUST_423,North
ORDER_656,2024-02-29,PRODUCT_9069,Product_Name_80,362.47,8,CUST_394,West
ORDER_657,2024-05-21,PRODUCT_6108,Product_Name_58,155.72,58,CUST_469,North
ORDER_658,2024-05-16,PRODUCT_7897,Product_Name_65,177.85,78,CUST_381,Central
ORDER_659,2024-03-30,PRODUCT_2538,Product_Name_54,295.86,58,CUST_604,East
ORDER_660,2024-11-15,PRODUCT_1723,Product_Name_41,165.63,40,CUST_735,South
ORDER_661,2024-05-14,PRODUCT_8062,Product_Name_12,53.99,56,CUST_805,Central
ORDER_662,2024-02-27,PRODUCT_9949,Product_Name_96,310.13,99,CUST_165,South
ORDER_663,2024-07-21,PRODUCT_3605,Product_Name_67,364.54,73,CUST_380,East
ORDER_664,2023-11-20,PRODUCT_8985,Product_Name_25,387.73,15,CUST_392,South
ORDER_665,2024-03-13,PRODUCT_5002,Product_Name_5,448.94,81,CUST_800,Central
ORDER_666,2024-03-15,PRODUCT_9911,Product_Name_2,432.96,68,CUST_973,North
ORDER_667,2024-08-18,PRODUCT_4809,Product_Name_98,353.3,19,CUST_573,North
ORDER_668,2024-03-04,PRODUCT_7100,Product_Name_25,50.3,51,CUST_112,East
ORDER_669,2024-06-15,PRODUCT_7153,Product_Name_60,163.21,33,CUST_367,East
ORDER_670,2024-11-10,PRODUCT_8063,Product_Name_21,391.71,2,CUST_404,North
ORDER_671,2024-09-11,PRODUCT_2958,Product_Name_89,99.25,84,CUST_298,North
ORDER_672,2024-09-26,PRODUCT_6281,Product_Name_80,232.11,41,CUST_100,East
ORDER_673,2023-12-02,PRODUCT_1416,Product_Name_9,477.55,18,CUST_485,West
ORDER_674,2024-07-29,PRODUCT_8701,Product_Name_92,123.57,98,CUST_494,West
ORDER_675,2024-07-14,PRODUCT_8871,Product_Name_5,280.96,84,CUST_635,East
ORDER_676,2024-08-29,PRODUCT_1561,Product_Name_82,93.21,38,CUST_649,East
ORDER_677,2024-01-01,PRODUCT_2590,Product_Name_21,377.04,44,CUST_146,North
ORDER_678,2024-07-28,PRODUCT_1615,Product_Name_34,62.89,57,CUST_929,East
ORDER_679,2024-08-02,PRODUCT_7780,Product_Name_86,470.54,97,CUST_448,South
ORDER_680,2024-01-24,PRODUCT_2717,Product_Name_60,36.05,46,CUST_756,Central
ORDER_681,2024-11-13,PRODUCT_6067,Product_Name_78,347.84,72,CUST_916,Central
ORDER_682,2024-01-10,PRODUCT_1029,Product_Name_35,226.91,9,CUST_352,North
ORDER_683,2024-07-22,PRODUCT_2338,Product_Name_15,272.52,43,CUST_565,Central
ORDER_684,2024-05-21,PRODUCT_5841,Product_Name_100,208.81,91,CUST_834,Central
ORDER_685,2023-12-24,PRODUCT_9190,Product_Name_55,335.08,40,CUST_712,South
ORDER_686,2024-04-15,PRODUCT_2043,Product_Name_88,153.0,82,CUST_334,West
ORDER_687,2024-03-31,PRODUCT_4538,Product_Name_35,378.28,55,CUST_298,East
ORDER_688,2024-07-30,PRODUCT_6221,Product_Name_61,308.97,68,CUST_942,South
ORDER_689,2024-08-08,PRODUCT_4483,Product_Name_81,159.23,30,CUST_786,Central
ORDER_690,2024-05-29,PRODUCT_7471,Product_Name_27,187.22,77,CUST_467,East
ORDER_691,2023-12-18,PRODUCT_7439,Product_Name_23,258.68,39,CUST_842,East
ORDER_692,2024-05-27,PRODUCT_2799,Product_Name_54,394.47,12,CUST_211,East
ORDER_693,2024-07-23,PRODUCT_1076,Product_Name_39,266.61,88,CUST_646,North
ORDER_694,2024-02-07,PRODUCT_4440,Product_Name_55,81.13,26,CUST_503,Central
ORDER_695,2024-08-15,PRODUCT_4248,Product_Name_67,190.75,5,CUST_364,North
ORDER_696,2024-02-06,PRODUCT_5800,Product_Name_95,82.3,28,CUST_248,North
ORDER_697,2023-11-21,PRODUCT_4834,Product_Name_94,366.53,5,CUST_583,South
ORDER_698,2024-08-26,PRODUCT_1598,Product_Name_69,288.87,72,CUST_302,North
ORDER_699,2024-08-28,PRODUCT_1114,Product_Name_59,355.02,68,CUST_149,North
ORDER_700,2024-01-24,PRODUCT_8885,Product_Name_9,372.97,87,CUST_602,South
ORDER_701,2024-04-27,PRODUCT_3728,Product_Name_33,148.48,35,CUST_555,East
ORDER_702,2024-10-10,PRODUCT_6933,Product_Name_96,286.37,32,CUST_378,West
ORDER_703,2024-09-29,PRODUCT_3598,Product_Name_31,53.1,53,CUST_774,South
ORDER_704,2024-04-12,PRODUCT_8498,Product_Name_23,283.36,42,CUST_722,Central
ORDER_705,2024-01-18,PRODUCT_8848,Product_Name_78,487.9,11,CUST_125,Central
ORDER_706,2024-04-29,PRODUCT_7920,Product_Name_53,44.52,46,CUST_908,North
ORDER_707,2024-02-23,PRODUCT_9765,Product_Name_63,195.16,61,CUST_738,West
ORDER_708,2024-06-12,PRODUCT_6744,Product_Name_99,134.86,91,CUST_724,West
ORDER_709,2024-10-24,PRODUCT_4667,Product_Name_6,171.14,23,CUST_191,West
ORDER_710,2024-02-04,PRODUCT_9181,Product_Name_47,403.63,70,CUST_272,North
ORDER_711,2024-04-13,PRODUCT_6157,Product_Name_51,206.83,66,CUST_419,West
ORDER_712,2023-11-26,PRODUCT_5339,Product_Name_22,483.11,89,CUST_943,Central
ORDER_713,2024-01-22,PRODUCT_5741,Product_Name_56,340.76,24,CUST_492,South
ORDER_714,2024-07-07,PRODUCT_2631,Product_Name_11,491.33,52,CUST_350,East
ORDER_715,2024-06-26,PRODUCT_7848,Product_Name_22,236.2,39,CUST_334,Central
ORDER_716,2024-10-20,PRODUCT_4542,Product_Name_98,56.86,95,CUST_504,East
ORDER_717,2024-06-02,PRODUCT_5025,Product_Name_21,325.47,68,CUST_306,South
ORDER_718,2024-09-18,PRODUCT_3554,Product_Name_81,288.77,20,CUST_742,Central
ORDER_719,2023-12-15,PRODUCT_9404,Product_Name_27,139.74,72,CUST_261,Central
ORDER_720,2023-12-31,PRODUCT_6344,Product_Name_65,301.98,16,CUST_727,West
ORDER_721,2024-01-22,PRODUCT_1793,Product_Name_85,94.59,32,CUST_428,Central
ORDER_722,2024-06-11,PRODUCT_5848,Product_Name_57,114.28,99,CUST_223,North
ORDER_723,2024-09-20,PRODUCT_1154,Product_Name_58,124.11,42,CUST_381,South
ORDER_724,2024-02-15,PRODUCT_3646,Product_Name_29,107.17,35,CUST_325,East
ORDER_725,2024-06-22,PRODUCT_9423,Product_Name_29,363.49,10,CUST_987,South
ORDER_726,2024-03-28,PRODUCT_1660,Product_Name_49,16.53,82,CUST_905,Central
ORDER_727,2024-03-04,PRODUCT_6979,Product_Name_71,268.85,76,CUST_885,West
ORDER_728,2023-12-24,PRODUCT_1567,Product_Name_23,48.05,64,CUST_621,West
ORDER_729,2024-05-04,PRODUCT_9838,Product_Name_29,493.31,8,CUST_927,North
ORDER_730,2024-08-25,PRODUCT_6635,Product_Name_34,17.53,42,CUST_140,West
ORDER_731,2024-09-17,PRODUCT_9812,Product_Name_17,326.54,31,CUST_529,Central
ORDER_732,2024-05-15,PRODUCT_1044,Product_Name_91,468.54,16,CUST_509,West
ORDER_733,2024-07-21,PRODUCT_1314,Product_Name_47,300.04,73,CUST_411,West
ORDER_734,2024-10-20,PRODUCT_4726,Product_Name_98,369.11,83,CUST_200,West
ORDER_735,2024-05-31,PRODUCT_9280,Product_Name_21,281.6,34,CUST_118,North
ORDER_736,2024-05-19,PRODUCT_1154,Product_Name_52,359.7,40,CUST_558,South
ORDER_737,2024-07-15,PRODUCT_4066,Product_Name_32,221.97,84,CUST_248,West
ORDER_738,2024-06-20,PRODUCT_8603,Product_Name_59,173.04,51,CUST_683,Central
ORDER_739,2024-09-06,PRODUCT_7693,Product_Name_46,496.91,20,CUST_963,North
ORDER_740,2024-06-10,PRODUCT_1099,Product_Name_68,482.29,51,CUST_724,East
ORDER_741,2024-01-05,PRODUCT_5466,Product_Name_70,195.29,8,CUST_765,Central
ORDER_742,2023-12-15,PRODUCT_5499,Product_Name_80,199.79,68,CUST_934,North
ORDER_743,2023-12-27,PRODUCT_1017,Product_Name_69,460.41,98,CUST_794,East
ORDER_744,2024-05-03,PRODUCT_4860,Product_Name_18,309.5,75,CUST_145,West
ORDER_745,2024-07-24,PRODUCT_5959,Product_Name_52,157.87,45,CUST_173,South
ORDER_746,2024-01-08,PRODUCT_2947,Product_Name_88,433.38,37,CUST_686,East
ORDER_747,2024-07-13,PRODUCT_7459,Product_Name_7,400.29,57,CUST_985,West
ORDER_748,2024-11-02,PRODUCT_9092,Product_Name_31,203.82,76,CUST_514,West
ORDER_749,2024-01-28,PRODUCT_9871,Product_Name_74,249.65,76,CUST_446,Central
ORDER_750,2024-10-06,PRODUCT_3217,Product_Name_11,384.37,7,CUST_304,West
ORDER_751,2024-06-02,PRODUCT_4819,Product_Name_58,143.12,3,CUST_149,South
ORDER_752,2024-08-18,PRODUCT_8073,Product_Name_89,340.81,27,CUST_553,Central
ORDER_753,2023-12-01,PRODUCT_9271,Product_Name_94,401.65,64,CUST_647,North
ORDER_754,2024-04-01,PRODUCT_1895,Product_Name_100,328.6,3,CUST_964,West
ORDER_755,2023-11-18,PRODUCT_4182,Product_Name_52,460.08,86,CUST_679,East
ORDER_756,2023-11-26,PRODUCT_3036,Product_Name_60,177.48,43,CUST_872,West
ORDER_757,2024-01-23,PRODUCT_4652,Product_Name_83,396.61,22,CUST_402,Central
ORDER_758,2024-02-11,PRODUCT_5380,Product_Name_9,352.04,46,CUST_275,South
ORDER_759,2024-02-17,PRODUCT_2681,Product_Name_68,454.46,3,CUST_273,South
ORDER_760,2024-07-13,PRODUCT_7152,Product_Name_32,86.81,91,CUST_864,South
ORDER_761,2024-02-17,PRODUCT_9748,Product_Name_58,334.87,67,CUST_534,East
ORDER_762,2024-06-05,PRODUCT_5758,Product_Name_54,413.11,38,CUST_103,West
ORDER_763,2024-05-16,PRODUCT_3759,Product_Name_36,51.44,8,CUST_559,South
ORDER_764,2024-05-31,PRODUCT_9335,Product_Name_61,470.26,57,CUST_174,North
ORDER_765,2024-03-31,PRODUCT_9676,Product_Name_60,401.98,91,CUST_275,South
ORDER_766,2024-03-08,PRODUCT_9585,Product_Name_32,133.91,7,CUST_273,West
ORDER_767,2024-10-11,PRODUCT_9676,Product_Name_40,68.05,80,CUST_270,West
ORDER_768,2024-02-28,PRODUCT_8428,Product_Name_25,56.8,65,CUST_184,South
ORDER_769,2024-08-03,PRODUCT_9625,Product_Name_40,133.71,99,CUST_199,West
ORDER_770,2024-10-03,PRODUCT_4728,Product_Name_30,353.26,47,CUST_632,East
ORDER_771,2024-10-20,PRODUCT_4419,Product_Name_42,30.08,33,CUST_445,West
ORDER_772,2024-02-29,PRODUCT_5132,Product_Name_13,114.44,28,CUST_937,West
ORDER_773,2024-02-05,PRODUCT_1457,Product_Name_95,326.61,10,CUST_472,North
ORDER_774,2024-05-23,PRODUCT_3537,Product_Name_42,144.66,26,CUST_488,North
ORDER_775,2024-01-31,PRODUCT_9364,Product_Name_10,179.2,19,CUST_903,North
ORDER_776,2024-04-23,PRODUCT_5250,Product_Name_1,33.17,18,CUST_827,East
ORDER_777,2024-04-17,PRODUCT_8118,Product_Name_80,147.27,57,CUST_858,Central
ORDER_778,2024-08-29,PRODUCT_7261,Product_Name_15,156.9,22,CUST_858,East
ORDER_779,2024-02-28,PRODUCT_5134,Product_Name_57,302.74,55,CUST_466,North
ORDER_780,2024-09-22,PRODUCT_1712,Product_Name_60,421.81,83,CUST_576,Central
ORDER_781,2024-06-09,PRODUCT_9744,Product_Name_4,60.39,76,CUST_813,Central
ORDER_782,2024-07-09,PRODUCT_1157,Product_Name_68,182.21,31,CUST_782,North
ORDER_783,2024-02-02,PRODUCT_3019,Product_Name_70,385.43,62,CUST_954,West
ORDER_784,2024-02-08,PRODUCT_5103,Product_Name_8,395.71,22,CUST_557,Central
ORDER_785,2023-12-16,PRODUCT_3431,Product_Name_85,44.52,69,CUST_844,West
ORDER_786,2024-03-03,PRODUCT_4149,Product_Name_73,375.6,37,CUST_188,Central
ORDER_787,2024-11-14,PRODUCT_7058,Product_Name_100,487.61,43,CUST_431,South
ORDER_788,2024-10-27,PRODUCT_1466,Product_Name_20,325.79,10,CUST_779,South
ORDER_789,2024-05-12,PRODUCT_5992,Product_Name_97,259.44,2,CUST_538,South
ORDER_790,2024-07-07,PRODUCT_9374,Product_Name_82,250.27,45,CUST_902,West
ORDER_791,2024-03-14,PRODUCT_9540,Product_Name_31,206.63,12,CUST_922,North
ORDER_792,2024-09-08,PRODUCT_9688,Product_Name_65,159.09,59,CUST_841,North
ORDER_793,2024-04-20,PRODUCT_6373,Product_Name_78,86.2,24,CUST_502,North
ORDER_794,2024-10-19,PRODUCT_4567,Product_Name_89,235.88,90,CUST_786,Central
ORDER_795,2024-04-09,PRODUCT_8992,Product_Name_70,341.99,98,CUST_216,West
ORDER_796,2024-10-06,PRODUCT_6825,Product_Name_46,318.95,3,CUST_762,South
ORDER_797,2024-03-31,PRODUCT_1861,Product_Name_6,214.92,38,CUST_587,South
ORDER_798,2024-10-01,PRODUCT_2944,Product_Name_97,70.73,69,CUST_562,West
ORDER_799,2023-11-20,PRODUCT_4984,Product_Name_60,159.09,2,CUST_856,South
ORDER_800,2024-03-28,PRODUCT_9155,Product_Name_72,369.11,62,CUST_700,South
ORDER_801,2024-10-11,PRODUCT_9475,Product_Name_73,227.26,76,CUST_399,East
ORDER_802,2024-08-14,PRODUCT_3671,Product_Name_26,320.66,32,CUST_486,East
ORDER_803,2024-05-14,PRODUCT_7597,Product_Name_45,171.07,66,CUST_385,South
ORDER_804,2024-11-10,PRODUCT_2522,Product_Name_29,308.38,26,CUST_458,South
ORDER_805,2024-01-13,PRODUCT_6803,Product_Name_51,294.86,36,CUST_301,East
ORDER_806,2024-07-28,PRODUCT_8026,Product_Name_63,356.4,37,CUST_176,Central
ORDER_807,2023-12-16,PRODUCT_9762,Product_Name_24,232.19,66,CUST_542,West
ORDER_808,2024-01-17,PRODUCT_6450,Product_Name_53,53.78,87,CUST_257,North
ORDER_809,2024-08-03,PRODUCT_7076,Product_Name_90,360.36,15,CUST_805,East
ORDER_810,2024-03-20,PRODUCT_3191,Product_Name_70,258.59,34,CUST_770,West
ORDER_811,2024-09-12,PRODUCT_2465,Product_Name_61,336.9,58,CUST_852,Central
ORDER_812,2024-03-17,PRODUCT_2798,Product_Name_39,49.41,86,CUST_925,Central
ORDER_813,2024-09-06,PRODUCT_6435,Product_Name_98,468.82,9,CUST_307,Central
ORDER_814,2024-05-26,PRODUCT_6767,Product_Name_79,274.66,27,CUST_672,Central
ORDER_815,2024-07-10,PRODUCT_5498,Product_Name_83,13.32,79,CUST_300,East
ORDER_816,2024-02-07,PRODUCT_8062,Product_Name_30,206.63,66,CUST_751,East
ORDER_817,2024-01-06,PRODUCT_7492,Product_Name_79,140.12,14,CUST_102,Central
ORDER_818,2024-08-26,PRODUCT_3236,Product_Name_69,399.73,61,CUST_693,West
ORDER_819,2024-04-18,PRODUCT_5557,Product_Name_11,238.61,95,CUST_265,East
ORDER_820,2024-03-15,PRODUCT_8644,Product_Name_49,203.67,40,CUST_716,South
ORDER_821,2024-10-14,PRODUCT_5128,Product_Name_83,180.39,83,CUST_380,West
ORDER_822,2024-02-01,PRODUCT_8603,Product_Name_29,423.05,9,CUST_153,East
ORDER_823,2024-08-08,PRODUCT_7476,Product_Name_16,245.0,95,CUST_404,East
ORDER_824,2024-03-17,PRODUCT_3316,Product_Name_83,360.28,33,CUST_341,Central
ORDER_825,2024-05-14,PRODUCT_4914,Product_Name_25,32.89,14,CUST_574,South
ORDER_826,2024-05-04,PRODUCT_7458,Product_Name_21,58.96,16,CUST_107,South
ORDER_827,2024-01-25,PRODUCT_4344,Product_Name_63,111.79,25,CUST_512,Central
ORDER_828,2024-01-21,PRODUCT_4296,Product_Name_58,40.16,11,CUST_453,East
ORDER_829,2023-12-05,PRODUCT_9704,Product_Name_63,263.67,15,CUST_352,West
ORDER_830,2024-05-25,PRODUCT_4483,Product_Name_100,207.97,51,CUST_440,Central
ORDER_831,2024-10-24,PRODUCT_4254,Product_Name_65,461.72,13,CUST_640,West
ORDER_832,2024-02-26,PRODUCT_8088,Product_Name_29,190.13,47,CUST_217,West
ORDER_833,2024-01-21,PRODUCT_1416,Product_Name_62,39.85,63,CUST_949,Central
ORDER_834,2024-10-17,PRODUCT_2377,Product_Name_60,36.25,95,CUST_664,Central
ORDER_835,2024-03-07,PRODUCT_7712,Product_Name_8,395.89,18,CUST_751,East
ORDER_836,2024-02-07,PRODUCT_8096,Product_Name_32,134.62,28,CUST_392,West
ORDER_837,2024-03-05,PRODUCT_9093,Product_Name_53,248.16,37,CUST_443,North
ORDER_838,2024-04-02,PRODUCT_9454,Product_Name_48,15.55,100,CUST_649,West
ORDER_839,2024-03-18,PRODUCT_5401,Product_Name_80,457.29,81,CUST_515,East
ORDER_840,2024-06-11,PRODUCT_5228,Product_Name_40,300.21,96,CUST_703,North
ORDER_841,2024-07-17,PRODUCT_9115,Product_Name_82,141.21,58,CUST_279,Central
ORDER_842,2024-10-28,PRODUCT_7171,Product_Name_44,252.26,56,CUST_213,North
ORDER_843,2023-12-11,PRODUCT_9752,Product_Name_99,349.62,68,CUST_524,West
ORDER_844,2024-07-13,PRODUCT_7939,Product_Name_70,345.35,45,CUST_632,Central
ORDER_845,2024-06-09,PRODUCT_4162,Product_Name_2,130.28,39,CUST_201,East
ORDER_846,2024-07-26,PRODUCT_1275,Product_Name_26,460.64,96,CUST_942,West
ORDER_847,2024-04-13,PRODUCT_3401,Product_Name_73,190.93,65,CUST_246,East
ORDER_848,2024-01-19,PRODUCT_4453,Product_Name_49,416.78,93,CUST_304,North
ORDER_849,2024-05-07,PRODUCT_6592,Product_Name_20,225.62,46,CUST_984,South
ORDER_850,2024-07-23,PRODUCT_8868,Product_Name_91,306.27,22,CUST_258,North
ORDER_851,2024-06-11,PRODUCT_4329,Product_Name_55,266.25,55,CUST_603,Central
ORDER_852,2024-03-10,PRODUCT_6984,Product_Name_65,248.18,40,CUST_306,West
ORDER_853,2024-11-12,PRODUCT_1220,Product_Name_40,171.39,28,CUST_923,South
ORDER_854,2024-03-02,PRODUCT_9015,Product_Name_11,64.21,6,CUST_246,West
ORDER_855,2024-09-14,PRODUCT_7763,Product_Name_62,95.67,52,CUST_306,North
ORDER_856,2024-08-11,PRODUCT_1483,Product_Name_52,60.46,66,CUST_380,Central
ORDER_857,2024-03-29,PRODUCT_7879,Product_Name_56,278.16,51,CUST_738,South
ORDER_858,2024-08-25,PRODUCT_5518,Product_Name_2,451.69,67,CUST_197,East
ORDER_859,2024-09-25,PRODUCT_3698,Product_Name_3,372.48,50,CUST_809,East
ORDER_860,2024-07-17,PRODUCT_9284,Product_Name_78,211.73,80,CUST_658,West
ORDER_861,2024-08-31,PRODUCT_1804,Product_Name_99,236.48,42,CUST_526,East
ORDER_862,2024-02-07,PRODUCT_5410,Product_Name_41,29.4,95,CUST_409,East
ORDER_863,2024-10-25,PRODUCT_9377,Product_Name_60,157.87,69,CUST_548,West
ORDER_864,2024-04-04,PRODUCT_7866,Product_Name_25,229.61,44,CUST_109,East
ORDER_865,2024-07-30,PRODUCT_3586,Product_Name_97,285.4,9,CUST_285,North
ORDER_866,2024-06-18,PRODUCT_1876,Product_Name_9,491.98,4,CUST_678,South
ORDER_867,2024-05-04,PRODUCT_1604,Product_Name_35,390.56,9,CUST_981,East
ORDER_868,2024-10-03,PRODUCT_4335,Product_Name_81,11.46,100,CUST_604,Central
ORDER_869,2024-10-17,PRODUCT_6347,Product_Name_82,14.3,88,CUST_735,North
ORDER_870,2023-12-21,PRODUCT_7428,Product_Name_29,345.36,85,CUST_774,West
ORDER_871,2024-02-21,PRODUCT_7941,Product_Name_48,389.87,67,CUST_698,South
ORDER_872,2023-12-02,PRODUCT_1830,Product_Name_85,147.66,57,CUST_758,East
ORDER_873,2023-12-09,PRODUCT_9605,Product_Name_67,489.44,89,CUST_507,East
ORDER_874,2024-04-03,PRODUCT_3064,Product_Name_82,266.26,62,CUST_881,West
ORDER_875,2024-03-17,PRODUCT_8585,Product_Name_90,470.13,14,CUST_617,South
ORDER_876,2023-12-07,PRODUCT_4327,Product_Name_76,255.49,12,CUST_651,West
ORDER_877,2024-01-05,PRODUCT_8015,Product_Name_63,71.22,6,CUST_320,Central
ORDER_878,2024-08-01,PRODUCT_8321,Product_Name_58,468.71,16,CUST_537,East
ORDER_879,2024-04-14,PRODUCT_8751,Product_Name_100,112.32,28,CUST_219,East
ORDER_880,2024-08-07,PRODUCT_3943,Product_Name_1,271.7,30,CUST_336,North
ORDER_881,2024-03-18,PRODUCT_3106,Product_Name_41,292.91,51,CUST_665,East
ORDER_882,2024-07-03,PRODUCT_4527,Product_Name_9,495.31,47,CUST_142,South
ORDER_883,2024-03-20,PRODUCT_8973,Product_Name_77,410.32,66,CUST_456,North
ORDER_884,2024-04-05,PRODUCT_2076,Product_Name_92,454.93,96,CUST_382,Central
ORDER_885,2024-09-08,PRODUCT_4538,Product_Name_43,109.43,44,CUST_448,South
ORDER_886,2024-10-21,PRODUCT_9635,Product_Name_90,455.89,63,CUST_743,South
ORDER_887,2023-12-02,PRODUCT_1113,Product_Name_99,344.9,58,CUST_845,South
ORDER_888,2024-02-01,PRODUCT_4324,Product_Name_91,214.43,66,CUST_538,Central
ORDER_889,2024-08-15,PRODUCT_3188,Product_Name_67,491.41,20,CUST_486,West
ORDER_890,2024-07-26,PRODUCT_2819,Product_Name_57,287.24,14,CUST_771,Central
ORDER_891,2023-11-23,PRODUCT_2008,Product_Name_33,494.52,25,CUST_700,North
ORDER_892,2024-04-09,PRODUCT_2290,Product_Name_86,393.79,92,CUST_741,East
ORDER_893,2024-06-11,PRODUCT_5283,Product_Name_37,22.4,25,CUST_326,Central
ORDER_894,2024-10-30,PRODUCT_3241,Product_Name_80,335.42,95,CUST_845,West
ORDER_895,2024-01-09,PRODUCT_3665,Product_Name_94,378.13,6,CUST_799,North
ORDER_896,2024-08-27,PRODUCT_1023,Product_Name_93,181.55,19,CUST_931,South
ORDER_897,2023-12-24,PRODUCT_1702,Product_Name_75,91.89,62,CUST_197,East
ORDER_898,2023-11-28,PRODUCT_8186,Product_Name_25,436.52,23,CUST_852,East
ORDER_899,2024-04-24,PRODUCT_6444,Product_Name_27,234.74,90,CUST_135,North
ORDER_900,2024-09-09,PRODUCT_8510,Product_Name_97,112.4,22,CUST_118,West
ORDER_901,2024-01-07,PRODUCT_4615,Product_Name_97,136.74,23,CUST_760,North
ORDER_902,2024-06-30,PRODUCT_2475,Product_Name_34,251.02,35,CUST_788,Central
ORDER_903,2024-07-07,PRODUCT_5140,Product_Name_14,13.0,69,CUST_850,South
ORDER_904,2024-02-17,PRODUCT_6121,Product_Name_65,245.26,55,CUST_379,West
ORDER_905,2024-10-08,PRODUCT_4385,Product_Name_1,245.48,55,CUST_671,Central
ORDER_906,2024-10-30,PRODUCT_4659,Product_Name_86,126.54,13,CUST_178,West
ORDER_907,2024-09-24,PRODUCT_9624,Product_Name_68,77.04,62,CUST_442,West
ORDER_908,2024-01-08,PRODUCT_3322,Product_Name_41,466.02,90,CUST_647,North
ORDER_909,2024-05-02,PRODUCT_1213,Product_Name_30,19.52,14,CUST_113,West
ORDER_910,2024-10-06,PRODUCT_7926,Product_Name_11,423.04,66,CUST_962,East
ORDER_911,2024-05-10,PRODUCT_2178,Product_Name_94,211.2,92,CUST_205,South
ORDER_912,2024-03-16,PRODUCT_2438,Product_Name_19,216.39,85,CUST_303,West
ORDER_913,2024-08-21,PRODUCT_5086,Product_Name_71,382.78,77,CUST_171,South
ORDER_914,2024-10-23,PRODUCT_6795,Product_Name_73,160.93,94,CUST_994,West
ORDER_915,2024-08-08,PRODUCT_9128,Product_Name_44,108.42,67,CUST_101,South
ORDER_916,2023-12-21,PRODUCT_5605,Product_Name_27,229.04,42,CUST_350,West
ORDER_917,2024-05-05,PRODUCT_7165,Product_Name_87,266.01,65,CUST_100,East
ORDER_918,2024-08-03,PRODUCT_2915,Product_Name_3,70.85,30,CUST_589,North
ORDER_919,2024-07-30,PRODUCT_6864,Product_Name_59,494.4,13,CUST_193,West
ORDER_920,2024-10-28,PRODUCT_4974,Product_Name_74,249.24,30,CUST_860,North
ORDER_921,2023-12-08,PRODUCT_9560,Product_Name_10,120.27,4,CUST_368,Central
ORDER_922,2024-05-12,PRODUCT_9416,Product_Name_80,62.48,50,CUST_538,East
ORDER_923,2024-07-03,PRODUCT_3062,Product_Name_29,250.17,71,CUST_670,North
ORDER_924,2023-12-15,PRODUCT_6770,Product_Name_66,12.14,50,CUST_955,West
ORDER_925,2024-04-21,PRODUCT_3045,Product_Name_61,228.72,75,CUST_428,West
ORDER_926,2024-04-28,PRODUCT_1285,Product_Name_84,239.13,75,CUST_335,East
ORDER_927,2024-08-06,PRODUCT_3320,Product_Name_42,316.33,20,CUST_996,Central
ORDER_928,2024-05-02,PRODUCT_2845,Product_Name_47,158.4,26,CUST_431,West
ORDER_929,2024-02-05,PRODUCT_8247,Product_Name_58,193.48,36,CUST_447,West
ORDER_930,2024-03-03,PRODUCT_2469,Product_Name_5,346.54,47,CUST_341,West
ORDER_931,2023-12-05,PRODUCT_5588,Product_Name_81,53.96,41,CUST_447,West
ORDER_932,2024-10-07,PRODUCT_3713,Product_Name_30,147.75,72,CUST_484,Central
ORDER_933,2024-05-20,PRODUCT_6391,Product_Name_92,409.79,83,CUST_463,West
ORDER_934,2024-06-02,PRODUCT_5438,Product_Name_13,226.64,49,CUST_578,Central
ORDER_935,2024-07-22,PRODUCT_2074,Product_Name_36,324.74,21,CUST_716,North
ORDER_936,2024-02-09,PRODUCT_2000,Product_Name_19,467.22,84,CUST_102,North
ORDER_937,2024-05-20,PRODUCT_5954,Product_Name_51,10.48,36,CUST_290,Central
ORDER_938,2024-10-02,PRODUCT_7088,Product_Name_24,69.04,43,CUST_998,East
ORDER_939,2024-08-21,PRODUCT_9290,Product_Name_39,98.16,37,CUST_315,North
ORDER_940,2024-09-12,PRODUCT_9025,Product_Name_44,403.81,72,CUST_162,South
ORDER_941,2024-09-21,PRODUCT_4468,Product_Name_21,114.06,70,CUST_715,Central
ORDER_942,2024-06-03,PRODUCT_2446,Product_Name_62,139.01,42,CUST_218,West
ORDER_943,2024-01-10,PRODUCT_2458,Product_Name_70,167.3,76,CUST_482,West
ORDER_944,2024-04-12,PRODUCT_8017,Product_Name_48,56.38,82,CUST_952,South
ORDER_945,2024-06-08,PRODUCT_5141,Product_Name_25,207.37,97,CUST_596,North
ORDER_946,2024-05-14,PRODUCT_5253,Product_Name_39,492.82,85,CUST_329,East
ORDER_947,2024-07-27,PRODUCT_6529,Product_Name_5,222.2,13,CUST_405,South
ORDER_948,2024-07-22,PRODUCT_1565,Product_Name_42,286.04,68,CUST_488,West
ORDER_949,2023-12-31,PRODUCT_5597,Product_Name_97,84.2,5,CUST_933,South
ORDER_950,2024-04-24,PRODUCT_3895,Product_Name_75,368.13,41,CUST_181,East
ORDER_951,2023-12-10,PRODUCT_7222,Product_Name_55,351.23,70,CUST_281,South
ORDER_952,2024-11-05,PRODUCT_6781,Product_Name_37,179.15,58,CUST_853,North
ORDER_953,2024-08-13,PRODUCT_2534,Product_Name_66,328.69,78,CUST_124,East
ORDER_954,2024-07-13,PRODUCT_9951,Product_Name_79,336.5,50,CUST_640,South
ORDER_955,2024-06-27,PRODUCT_3368,Product_Name_29,134.42,97,CUST_380,West
ORDER_956,2024-08-29,PRODUCT_9798,Product_Name_49,302.13,85,CUST_905,West
ORDER_957,2024-03-19,PRODUCT_8719,Product_Name_75,402.2,20,CUST_192,Central
ORDER_958,2024-07-22,PRODUCT_3170,Product_Name_21,413.72,39,CUST_255,North
ORDER_959,2024-02-21,PRODUCT_2979,Product_Name_73,216.68,86,CUST_198,West
ORDER_960,2024-10-17,PRODUCT_6508,Product_Name_38,307.92,95,CUST_238,Central
ORDER_961,2023-11-21,PRODUCT_7961,Product_Name_51,325.68,76,CUST_906,Central
ORDER_962,2024-08-20,PRODUCT_8499,Product_Name_27,461.03,37,CUST_727,North
ORDER_963,2024-03-22,PRODUCT_5775,Product_Name_39,82.3,85,CUST_849,Central
ORDER_964,2024-01-09,PRODUCT_1110,Product_Name_67,297.81,43,CUST_958,Central
ORDER_965,2024-09-06,PRODUCT_6225,Product_Name_94,155.18,44,CUST_173,East
ORDER_966,2024-03-23,PRODUCT_8817,Product_Name_72,203.97,44,CUST_878,West
ORDER_967,2024-05-08,PRODUCT_1073,Product_Name_68,439.01,86,CUST_340,North
ORDER_968,2024-08-31,PRODUCT_2139,Product_Name_51,452.63,32,CUST_515,South
ORDER_969,2024-04-25,PRODUCT_5252,Product_Name_30,135.86,81,CUST_790,West
ORDER_970,2024-05-13,PRODUCT_3560,Product_Name_70,180.43,43,CUST_230,South
ORDER_971,2024-03-07,PRODUCT_8643,Product_Name_3,457.3,83,CUST_194,South
ORDER_972,2024-08-24,PRODUCT_5645,Product_Name_23,155.57,82,CUST_959,South
ORDER_973,2024-08-05,PRODUCT_6478,Product_Name_85,282.39,100,CUST_994,North
ORDER_974,2024-06-18,PRODUCT_9570,Product_Name_37,305.78,31,CUST_873,East
ORDER_975,2024-06-27,PRODUCT_5711,Product_Name_49,235.22,38,CUST_686,East
ORDER_976,2024-08-20,PRODUCT_5157,Product_Name_5,407.98,91,CUST_902,Central
ORDER_977,2024-05-29,PRODUCT_3975,Product_Name_1,190.78,41,CUST_219,Central
ORDER_978,2024-01-25,PRODUCT_9789,Product_Name_55,473.33,38,CUST_824,West
ORDER_979,2024-02-18,PRODUCT_7001,Product_Name_71,85.94,35,CUST_114,North
ORDER_980,2024-02-15,PRODUCT_2354,Product_Name_54,281.19,98,CUST_610,East
ORDER_981,2024-05-07,PRODUCT_7891,Product_Name_2,332.07,79,CUST_441,Central
ORDER_982,2024-10-22,PRODUCT_9612,Product_Name_87,405.53,61,CUST_337,West
ORDER_983,2024-02-02,PRODUCT_3137,Product_Name_94,439.87,20,CUST_105,East
ORDER_984,2023-12-22,PRODUCT_7601,Product_Name_14,371.93,96,CUST_821,North
ORDER_985,2024-10-14,PRODUCT_8668,Product_Name_86,239.84,8,CUST_824,Central
ORDER_986,2024-01-07,PRODUCT_3199,Product_Name_97,350.59,30,CUST_753,Central
ORDER_987,2024-09-15,PRODUCT_4176,Product_Name_49,237.39,43,CUST_872,East
ORDER_988,2024-01-14,PRODUCT_7611,Product_Name_18,21.75,9,CUST_293,North
ORDER_989,2024-03-16,PRODUCT_4949,Product_Name_98,232.63,65,CUST_928,West
ORDER_990,2024-05-21,PRODUCT_7448,Product_Name_14,388.16,95,CUST_870,South
ORDER_991,2023-11-21,PRODUCT_8608,Product_Name_88,404.01,31,CUST_597,North
ORDER_992,2024-11-05,PRODUCT_5156,Product_Name_78,133.9,21,CUST_859,East
ORDER_993,2024-07-15,PRODUCT_6058,Product_Name_82,136.56,17,CUST_291,North
ORDER_994,2024-05-23,PRODUCT_7399,Product_Name_23,150.34,77,CUST_521,South
ORDER_995,2024-05-09,PRODUCT_9655,Product_Name_93,428.7,82,CUST_629,North
ORDER_996,2024-08-08,PRODUCT_6539,Product_Name_24,157.4,7,CUST_931,Central
ORDER_997,2024-05-25,PRODUCT_3141,Product_Name_57,80.45,47,CUST_232,East
ORDER_998,2024-10-01,PRODUCT_9746,Product_Name_32,304.79,62,CUST_972,Central
ORDER_999,2024-09-18,PRODUCT_3410,Product_Name_95,80.08,94,CUST_203,East
ORDER_1000,2023-12-08,PRODUCT_7152,Product_Name_60,101.0,63,CUST_589,North
